region,year,area_ag_org,area_farm,area_household,area_total,level
Российская Федерация,2007,33753.518,10111.445,401.266,44266.229,country
Российская Федерация,2008,35362.534,10951.72,431.028,46745.282,country
Российская Федерация,2009,35713.27,11377.325,464.541,47555.136,country
Российская Федерация,2010,32048.187,10669.504,485.347,43203.03800000001,country
Российская Федерация,2011,32113.568,10959.958,510.026,43583.551999999996,country
Российская Федерация,2012,32120.076,11806.796,528.182,44455.054000000004,country
Российская Федерация,2013,32643.52,12750.926,453.066,45847.511999999995,country
Российская Федерация,2014,32147.14,13514.844,495.123,46157.106999999996,country
Российская Федерация,2015,32051.874,14096.366,460.509,46608.748999999996,country
Российская Федерация,2016,31932.646,14686.566,480.59,47099.801999999996,country
Российская Федерация,2017,31618.279,15631.898,455.192,47705.369,country
 Дальневосточный Федеральный округ,2007,278.275,105.276,1.951,385.502,federal_district
 Дальневосточный Федеральный округ,2008,302.159,112.914,2.058,417.131,federal_district
 Дальневосточный Федеральный округ,2009,298.459,117.264,1.808,417.531,federal_district
 Дальневосточный Федеральный округ,2010,230.825,88.096,1.556,320.477,federal_district
 Дальневосточный Федеральный округ,2011,245.364,87.021,1.366,333.751,federal_district
 Дальневосточный Федеральный округ,2012,274.218,104.053,1.276,379.547,federal_district
 Дальневосточный Федеральный округ,2013,228.548,84.213,1.029,313.78999999999996,federal_district
 Дальневосточный Федеральный округ,2014,241.708,95.089,1.036,337.833,federal_district
 Дальневосточный Федеральный округ,2015,225.194,82.092,0.917,308.203,federal_district
 Дальневосточный Федеральный округ,2016,258.801,92.891,1.011,352.70300000000003,federal_district
 Дальневосточный Федеральный округ,2017,234.518,94.08,0.854,329.452,federal_district
 Приволжский Федеральный округ,2007,10493.29,2776.617,27.644,13297.551000000001,federal_district
 Приволжский Федеральный округ,2008,10913.405,3049.018,44.151,14006.574,federal_district
 Приволжский Федеральный округ,2009,11086.425,3160.767,45.789,14292.981,federal_district
 Приволжский Федеральный округ,2010,9946.661,2944.515,57.869,12949.045,federal_district
 Приволжский Федеральный округ,2011,9321.234,2779.478,62.361,12163.073,federal_district
 Приволжский Федеральный округ,2012,9425.442,3206.628,74.791,12706.860999999999,federal_district
 Приволжский Федеральный округ,2013,9629.606,3465.416,67.759,13162.781,federal_district
 Приволжский Федеральный округ,2014,9236.49,3633.408,52.136,12922.034,federal_district
 Приволжский Федеральный округ,2015,9076.657,3794.309,56.269,12927.235,federal_district
 Приволжский Федеральный округ,2016,8955.988,3989.756,66.064,13011.807999999999,federal_district
 Приволжский Федеральный округ,2017,8731.849,4295.512,68.996,13096.357,federal_district
 Северо-Западный Федеральный округ,2007,232.919,22.901,2.225,258.045,federal_district
 Северо-Западный Федеральный округ,2008,261.073,20.048,2.153,283.274,federal_district
 Северо-Западный Федеральный округ,2009,253.832,21.814,2.403,278.04900000000004,federal_district
 Северо-Западный Федеральный округ,2010,239.644,19.115,2.247,261.00600000000003,federal_district
 Северо-Западный Федеральный округ,2011,246.742,20.268,2.768,269.77799999999996,federal_district
 Северо-Западный Федеральный округ,2012,244.065,20.804,2.775,267.64399999999995,federal_district
 Северо-Западный Федеральный округ,2013,251.523,22.403,2.861,276.787,federal_district
 Северо-Западный Федеральный округ,2014,286.914,23.679,3.033,313.626,federal_district
 Северо-Западный Федеральный округ,2015,322.077,28.666,3.143,353.88599999999997,federal_district
 Северо-Западный Федеральный округ,2016,329.758,33.987,3.303,367.048,federal_district
 Северо-Западный Федеральный округ,2017,301.367,32.596,3.042,337.005,federal_district
 Сибирский Федеральный округ,2007,7156.985,2717.178,60.696,9934.859,federal_district
 Сибирский Федеральный округ,2008,7280.568,2902.042,67.163,10249.773000000001,federal_district
 Сибирский Федеральный округ,2009,7375.001,3027.607,71.109,10473.717,federal_district
 Сибирский Федеральный округ,2010,6612.328,2805.825,66.714,9484.867,federal_district
 Сибирский Федеральный округ,2011,6824.502,3054.145,64.955,9943.602,federal_district
 Сибирский Федеральный округ,2012,6687.435,3135.385,69.333,9892.153,federal_district
 Сибирский Федеральный округ,2013,6491.691,3316.572,54.8,9863.062999999998,federal_district
 Сибирский Федеральный округ,2014,6431.3,3539.027,53.705,10024.032000000001,federal_district
 Сибирский Федеральный округ,2015,6195.355,3634.439,50.515,9880.309,federal_district
 Сибирский Федеральный округ,2016,6080.775,3795.689,59.959,9936.423,federal_district
 Сибирский Федеральный округ,2017,6032.311,3969.981,62.159,10064.451,federal_district
 Уральский Федеральный округ,2007,2549.609,751.626,143.58,3444.8149999999996,federal_district
 Уральский Федеральный округ,2008,2659.732,800.912,148.7,3609.344,federal_district
 Уральский Федеральный округ,2009,2745.438,864.533,169.631,3779.602,federal_district
 Уральский Федеральный округ,2010,2586.05,877.158,175.964,3639.172,federal_district
 Уральский Федеральный округ,2011,2570.934,892.384,194.639,3657.9570000000003,federal_district
 Уральский Федеральный округ,2012,2462.877,929.768,203.463,3596.108,federal_district
 Уральский Федеральный округ,2013,2429.202,1023.624,151.352,3604.178,federal_district
 Уральский Федеральный округ,2014,2356.87,1072.377,132.168,3561.415,federal_district
 Уральский Федеральный округ,2015,2215.991,1051.383,116.62,3383.9939999999997,federal_district
 Уральский Федеральный округ,2016,2240.569,1135.045,113.09,3488.704,federal_district
 Уральский Федеральный округ,2017,2142.789,1286.642,108.74,3538.1710000000003,federal_district
 Центральный Федеральный округ,2007,5597.011,1142.209,58.842,6798.062,federal_district
 Центральный Федеральный округ,2008,6308.442,1275.071,60.364,7643.8769999999995,federal_district
 Центральный Федеральный округ,2009,6397.333,1321.969,63.611,7782.913,federal_district
 Центральный Федеральный округ,2010,5577.03,1212.609,66.413,6856.051999999999,federal_district
 Центральный Федеральный округ,2011,5934.645,1329.662,67.783,7332.090000000001,federal_district
 Центральный Федеральный округ,2012,5921.164,1416.356,67.189,7404.709,federal_district
 Центральный Федеральный округ,2013,6171.237,1560.729,66.57,7798.536,federal_district
 Центральный Федеральный округ,2014,5906.914,1625.271,62.09,7594.275,federal_district
 Центральный Федеральный округ,2015,6292.773,1778.777,61.149,8132.6990000000005,federal_district
 Центральный Федеральный округ,2016,6352.422,1820.505,59.402,8232.329,federal_district
 Центральный Федеральный округ,2017,6327.094,1863.427,58.671,8249.192,federal_district
 Южный Федеральный округ,2007,5322.211,2031.803,50.565,7404.579,federal_district
 Южный Федеральный округ,2008,5444.698,2129.355,50.675,7624.728,federal_district
 Южный Федеральный округ,2009,5366.235,2183.581,51.415,7601.231,federal_district
 Южный Федеральный округ,2010,4797.124,2107.483,54.886,6959.493,federal_district
 Южный Федеральный округ,2011,4891.414,2149.681,53.126,7094.221,federal_district
 Южный Федеральный округ,2012,5060.001,2338.656,54.057,7452.714,federal_district
 Южный Федеральный округ,2013,5255.988,2538.46,47.983,7842.4310000000005,federal_district
 Южный Федеральный округ,2014,5484.052,2756.723,130.804,8371.579,federal_district
 Южный Федеральный округ,2015,5507.592,2913.246,107.069,8527.907,federal_district
 Южный Федеральный округ,2016,5429.822,2972.904,106.099,8508.825,federal_district
 Южный Федеральный округ,2017,5583.407,3205.516,82.954,8871.877,federal_district
 Северо-Кавказский федеральный округ,2007,2123.218,563.834,55.764,2742.816,region
 Северо-Кавказский федеральный округ,2008,2192.458,662.36,55.763,2910.581,region
 Северо-Кавказский федеральный округ,2009,2190.547,679.789,58.773,2929.1090000000004,region
 Северо-Кавказский федеральный округ,2010,2058.525,614.704,59.697,2732.9260000000004,region
 Северо-Кавказский федеральный округ,2011,2078.733,647.32,63.028,2789.081,region
 Северо-Кавказский федеральный округ,2012,2044.875,655.147,55.298,2755.3199999999997,region
 Северо-Кавказский федеральный округ,2013,2185.724,739.507,60.712,2985.943,region
 Северо-Кавказский федеральный округ,2014,2202.893,769.27,60.151,3032.314,region
 Северо-Кавказский федеральный округ,2015,2216.236,813.454,64.827,3094.517,region
 Северо-Кавказский федеральный округ,2016,2284.511,845.789,71.663,3201.963,region
 Северо-Кавказский федеральный округ,2017,2264.944,884.144,69.775,3218.863,region
Алтайский край,2007,2400.725,1173.307,2.521,3576.5530000000003,region
Алтайский край,2008,2512.803,1266.399,2.464,3781.6659999999997,region
Алтайский край,2009,2514.79,1287.685,1.493,3803.968,region
Алтайский край,2010,2245.451,1147.853,0.26,3393.5640000000003,region
Алтайский край,2011,2351.216,1277.024,0.082,3628.3219999999997,region
Алтайский край,2012,2302.043,1235.963,0.056,3538.0620000000004,region
Алтайский край,2013,2220.815,1315.325,0.052,3536.1920000000005,region
Алтайский край,2014,2286.759,1430.203,0.048,3717.0099999999998,region
Алтайский край,2015,2154.335,1477.72,0.046,3632.101,region
Алтайский край,2016,2101.196,1544.983,0.046,3646.225,region
Алтайский край,2017,2131.164,1615.124,0.036,3746.3240000000005,region
Амурская область,2007,163.985,67.902,0.088,231.975,region
Амурская область,2008,182.971,75.38,0.047,258.398,region
Амурская область,2009,173.241,74.582,0.047,247.87,region
Амурская область,2010,144.504,59.897,0.047,204.44799999999998,region
Амурская область,2011,140.45,49.127,0.043,189.62,region
Амурская область,2012,159.023,64.323,0.042,223.388,region
Амурская область,2013,127.173,50.88,0.033,178.08599999999998,region
Амурская область,2014,139.34,55.529,0.039,194.908,region
Амурская область,2015,135.028,45.66,0.038,180.726,region
Амурская область,2016,164.713,54.614,0.1,219.427,region
Амурская область,2017,145.402,55.815,0.037,201.254,region
Архангельская область,2007,3.13,0.026,0.077,3.2329999999999997,region
Архангельская область,2008,1.799,0.019,0.026,1.8439999999999999,region
Архангельская область,2009,1.777,0.012,0.022,1.811,region
Архангельская область,2010,2.208,0.012,0.02,2.24,region
Архангельская область,2011,3.128,0.01,0.018,3.1559999999999997,region
Архангельская область,2012,2.672,0.001,0.017,2.69,region
Архангельская область,2013,2.384,0.019,0.015,2.418,region
Архангельская область,2014,2.994,0.012,0.012,3.0180000000000002,region
Архангельская область,2015,2.788,,0.011,2.799,region
Архангельская область,2016,3.167,,0.003,3.17,region
Архангельская область,2017,1.294,,,1.294,region
Архангельская область без автономного округа,2007,3.13,0.026,0.077,3.2329999999999997,region
Архангельская область без автономного округа,2008,1.799,0.019,0.026,1.8439999999999999,region
Архангельская область без автономного округа,2009,1.777,0.012,0.022,1.811,region
Архангельская область без автономного округа,2010,2.208,0.012,0.02,2.24,region
Архангельская область без автономного округа,2011,3.128,0.01,0.018,3.1559999999999997,region
Архангельская область без автономного округа,2012,2.672,0.001,0.017,2.69,region
Архангельская область без автономного округа,2013,2.384,0.019,0.015,2.418,region
Архангельская область без автономного округа,2014,2.994,0.012,0.012,3.0180000000000002,region
Архангельская область без автономного округа,2015,2.788,,0.011,2.799,region
Архангельская область без автономного округа,2016,3.167,,0.003,3.17,region
Архангельская область без автономного округа,2017,1.294,,,1.294,region
Астраханская область,2007,17.086,7.764,0.03,24.88,region
Астраханская область,2008,13.168,10.352,0.005,23.525,region
Астраханская область,2009,13.012,11.436,0.005,24.453,region
Астраханская область,2010,11.159,11.795,0.003,22.957,region
Астраханская область,2011,9.038,12.218,,21.256,region
Астраханская область,2012,8.032,9.645,,17.677,region
Астраханская область,2013,5.387,8.003,,13.39,region
Астраханская область,2014,4.909,8.197,,13.105999999999998,region
Астраханская область,2015,4.054,7.707,,11.761,region
Астраханская область,2016,2.724,7.336,,10.06,region
Астраханская область,2017,3.765,8.168,,11.933,region
Белгородская область,2007,655.755,90.048,12.063,757.866,region
Белгородская область,2008,728.072,99.749,12.035,839.856,region
Белгородская область,2009,715.726,93.272,12.014,821.0120000000001,region
Белгородская область,2010,530.722,71.159,11.885,613.766,region
Белгородская область,2011,626.91,83.773,11.435,722.1179999999999,region
Белгородская область,2012,644.597,91.803,11.39,747.79,region
Белгородская область,2013,683.044,125.548,10.987,819.579,region
Белгородская область,2014,654.851,128.573,10.673,794.097,region
Белгородская область,2015,642.655,137.93,10.211,790.796,region
Белгородская область,2016,595.651,136.0,8.025,739.6759999999999,region
Белгородская область,2017,602.895,139.331,8.336,750.562,region
Брянская область,2007,231.138,34.182,7.663,272.983,region
Брянская область,2008,236.944,45.059,8.019,290.022,region
Брянская область,2009,253.074,52.437,8.505,314.016,region
Брянская область,2010,254.886,52.467,9.351,316.704,region
Брянская область,2011,227.748,53.345,9.396,290.489,region
Брянская область,2012,243.647,62.178,8.837,314.662,region
Брянская область,2013,246.226,74.687,10.643,331.55600000000004,region
Брянская область,2014,232.428,78.604,9.095,320.127,region
Брянская область,2015,229.176,85.149,8.213,322.538,region
Брянская область,2016,284.004,92.812,7.987,384.80300000000005,region
Брянская область,2017,287.727,96.405,8.774,392.90599999999995,region
Владимирская область,2007,94.311,1.352,0.138,95.80100000000002,region
Владимирская область,2008,105.414,1.446,0.115,106.975,region
Владимирская область,2009,82.608,1.54,0.112,84.26,region
Владимирская область,2010,82.61,1.003,0.104,83.717,region
Владимирская область,2011,85.79,1.532,0.097,87.419,region
Владимирская область,2012,82.754,1.899,0.089,84.742,region
Владимирская область,2013,85.677,2.335,0.081,88.093,region
Владимирская область,2014,78.632,2.81,0.074,81.516,region
Владимирская область,2015,85.073,4.788,0.065,89.92599999999999,region
Владимирская область,2016,90.281,2.873,0.057,93.21100000000001,region
Владимирская область,2017,81.021,4.285,0.056,85.362,region
Волгоградская область,2007,1533.7,595.756,0.22,2129.676,region
Волгоградская область,2008,1529.059,619.821,0.243,2149.123,region
Волгоградская область,2009,1432.29,620.089,0.316,2052.6949999999997,region
Волгоградская область,2010,1063.269,556.457,0.223,1619.949,region
Волгоградская область,2011,1115.721,515.147,0.141,1631.009,region
Волгоградская область,2012,1322.538,640.685,0.154,1963.377,region
Волгоградская область,2013,1267.41,631.988,0.147,1899.545,region
Волгоградская область,2014,1229.925,720.912,0.144,1950.981,region
Волгоградская область,2015,1208.157,713.912,0.129,1922.1979999999999,region
Волгоградская область,2016,1195.597,724.883,5.039,1925.519,region
Волгоградская область,2017,1326.973,828.935,0.103,2156.011,region
Вологодская область,2007,119.021,5.791,0.605,125.417,region
Вологодская область,2008,138.416,8.326,0.581,147.32299999999998,region
Вологодская область,2009,123.83,7.692,0.551,132.07299999999998,region
Вологодская область,2010,125.837,7.355,0.522,133.714,region
Вологодская область,2011,123.598,7.684,0.498,131.78,region
Вологодская область,2012,111.97,6.959,0.41,119.339,region
Вологодская область,2013,101.838,6.793,0.367,108.998,region
Вологодская область,2014,98.364,7.066,0.343,105.77300000000001,region
Вологодская область,2015,106.215,10.11,0.332,116.657,region
Вологодская область,2016,105.029,11.049,0.332,116.41,region
Вологодская область,2017,100.256,10.766,0.313,111.33500000000001,region
Воронежская область,2007,943.24,252.03,9.295,1204.565,region
Воронежская область,2008,1081.91,263.537,10.853,1356.3000000000002,region
Воронежская область,2009,1092.5,285.259,11.69,1389.449,region
Воронежская область,2010,832.547,239.832,11.578,1083.9569999999999,region
Воронежская область,2011,994.968,303.451,12.024,1310.4429999999998,region
Воронежская область,2012,1023.188,348.249,11.676,1383.1129999999998,region
Воронежская область,2013,1070.388,373.946,11.042,1455.3759999999997,region
Воронежская область,2014,1015.292,393.925,10.886,1420.103,region
Воронежская область,2015,1023.5,414.033,10.515,1448.048,region
Воронежская область,2016,1009.001,416.749,11.014,1436.764,region
Воронежская область,2017,1039.18,436.942,10.562,1486.684,region
Еврейская автономная область,2007,3.953,19.014,0.066,23.032999999999998,region
Еврейская автономная область,2008,4.554,18.734,0.077,23.365000000000006,region
Еврейская автономная область,2009,4.355,19.471,0.089,23.915,region
Еврейская автономная область,2010,3.103,11.422,0.062,14.587,region
Еврейская автономная область,2011,3.923,14.149,0.062,18.134,region
Еврейская автономная область,2012,4.954,12.045,0.085,17.084,region
Еврейская автономная область,2013,2.375,6.898,0.042,9.315,region
Еврейская автономная область,2014,2.61,7.313,0.02,9.943,region
Еврейская автономная область,2015,1.398,5.701,0.016,7.114999999999999,region
Еврейская автономная область,2016,1.38,5.915,0.011,7.306,region
Еврейская автономная область,2017,0.903,6.149,0.005,7.0569999999999995,region
Забайкальский край,2007,182.291,11.443,0.012,193.746,region
Забайкальский край,2008,168.664,9.731,0.019,178.414,region
Забайкальский край,2009,165.727,15.089,0.037,180.853,region
Забайкальский край,2010,135.346,16.935,0.099,152.38,region
Забайкальский край,2011,137.388,18.087,0.291,155.766,region
Забайкальский край,2012,120.796,22.256,0.184,143.23600000000002,region
Забайкальский край,2013,115.095,27.288,0.128,142.511,region
Забайкальский край,2014,113.478,29.839,0.736,144.053,region
Забайкальский край,2015,107.079,32.749,0.644,140.472,region
Забайкальский край,2016,97.996,33.937,0.657,132.59,region
Забайкальский край,2017,93.894,31.519,0.67,126.08300000000001,region
Ивановская область,2007,61.429,5.015,0.124,66.568,region
Ивановская область,2008,66.306,6.244,0.142,72.692,region
Ивановская область,2009,61.391,6.826,0.15,68.367,region
Ивановская область,2010,60.222,7.163,0.157,67.542,region
Ивановская область,2011,56.803,7.966,0.158,64.92699999999999,region
Ивановская область,2012,55.345,7.945,0.175,63.464999999999996,region
Ивановская область,2013,56.448,7.989,0.179,64.616,region
Ивановская область,2014,53.471,8.507,0.184,62.16199999999999,region
Ивановская область,2015,54.01,9.935,0.188,64.133,region
Ивановская область,2016,55.141,10.66,0.272,66.07300000000001,region
Ивановская область,2017,54.102,10.047,0.192,64.341,region
Иркутская область,2007,311.199,96.672,1.501,409.37199999999996,region
Иркутская область,2008,312.411,107.5,1.225,421.136,region
Иркутская область,2009,298.094,111.948,0.77,410.81199999999995,region
Иркутская область,2010,252.452,104.819,0.654,357.925,region
Иркутская область,2011,257.135,119.506,0.821,377.462,region
Иркутская область,2012,258.39,131.676,1.107,391.173,region
Иркутская область,2013,251.944,145.439,1.145,398.52799999999996,region
Иркутская область,2014,244.518,161.081,1.038,406.637,region
Иркутская область,2015,238.275,168.857,2.227,409.359,region
Иркутская область,2016,224.316,179.195,2.061,405.57199999999995,region
Иркутская область,2017,217.904,207.233,1.953,427.09,region
Кабардино-Балкарская Республика,2007,98.016,80.924,1.94,180.88,region
Кабардино-Балкарская Республика,2008,97.028,97.286,1.808,196.122,region
Кабардино-Балкарская Республика,2009,95.973,93.149,1.919,191.04100000000003,region
Кабардино-Балкарская Республика,2010,86.801,86.735,1.822,175.358,region
Кабардино-Балкарская Республика,2011,87.558,93.283,1.563,182.404,region
Кабардино-Балкарская Республика,2012,91.586,101.706,1.294,194.586,region
Кабардино-Балкарская Республика,2013,96.78,109.764,1.192,207.736,region
Кабардино-Балкарская Республика,2014,91.764,114.257,1.14,207.161,region
Кабардино-Балкарская Республика,2015,84.242,122.495,1.08,207.81700000000004,region
Кабардино-Балкарская Республика,2016,83.611,123.027,1.035,207.673,region
Кабардино-Балкарская Республика,2017,86.01,123.906,0.761,210.677,region
Калининградская область,2007,56.913,15.296,0.323,72.532,region
Калининградская область,2008,55.942,9.687,0.306,65.935,region
Калининградская область,2009,60.255,12.021,0.673,72.94900000000001,region
Калининградская область,2010,53.864,9.529,0.577,63.97,region
Калининградская область,2011,52.605,10.072,0.861,63.53799999999999,region
Калининградская область,2012,61.241,11.218,0.951,73.41,region
Калининградская область,2013,77.59,11.164,1.167,89.921,region
Калининградская область,2014,99.087,12.138,1.438,112.66300000000001,region
Калининградская область,2015,116.852,14.222,1.54,132.614,region
Калининградская область,2016,115.333,16.656,1.814,133.803,region
Калининградская область,2017,107.819,15.858,1.774,125.45100000000001,region
Калужская область,2007,72.874,3.38,1.156,77.41,region
Калужская область,2008,91.468,5.183,1.115,97.766,region
Калужская область,2009,87.147,5.082,1.12,93.349,region
Калужская область,2010,70.636,3.669,1.1,75.40499999999999,region
Калужская область,2011,73.909,4.256,1.202,79.367,region
Калужская область,2012,73.121,5.292,1.333,79.746,region
Калужская область,2013,62.468,6.16,1.45,70.078,region
Калужская область,2014,60.298,7.007,1.537,68.84200000000001,region
Калужская область,2015,71.054,11.271,1.652,83.977,region
Калужская область,2016,68.347,12.214,1.88,82.44099999999999,region
Калужская область,2017,76.419,13.629,1.704,91.752,region
Камчатский край,2007,0.32,0.015,0.005,0.34,region
Камчатский край,2008,0.311,0.006,0.017,0.334,region
Камчатский край,2009,0.205,0.005,0.011,0.221,region
Камчатский край,2010,0.231,0.019,0.01,0.26,region
Камчатский край,2011,0.17,0.0,0.004,0.17400000000000002,region
Камчатский край,2012,0.051,0.0,0.003,0.054,region
Камчатский край,2013,0.05,0.01,0.004,0.064,region
Камчатский край,2014,0.06,0.07,0.006,0.136,region
Камчатский край,2015,0.015,0.1,0.008,0.123,region
Камчатский край,2016,,0.11,0.005,0.115,region
Камчатский край,2017,0.005,0.133,0.004,0.14200000000000002,region
Карачаево-Черкесская Республика,2007,45.261,19.833,1.712,66.806,region
Карачаево-Черкесская Республика,2008,41.335,22.233,1.909,65.477,region
Карачаево-Черкесская Республика,2009,41.598,34.74,2.109,78.44699999999999,region
Карачаево-Черкесская Республика,2010,34.527,22.011,2.415,58.952999999999996,region
Карачаево-Черкесская Республика,2011,42.032,30.914,3.177,76.123,region
Карачаево-Черкесская Республика,2012,41.794,31.489,1.92,75.203,region
Карачаево-Черкесская Республика,2013,36.547,41.65,3.379,81.57600000000001,region
Карачаево-Черкесская Республика,2014,37.425,44.796,2.385,84.60600000000001,region
Карачаево-Черкесская Республика,2015,38.043,51.36,4.335,93.73799999999999,region
Карачаево-Черкесская Республика,2016,44.193,48.931,8.796,101.91999999999999,region
Карачаево-Черкесская Республика,2017,37.969,49.613,8.759,96.341,region
Кемеровская область,2007,469.786,272.332,2.51,744.6279999999999,region
Кемеровская область,2008,451.422,300.746,2.973,755.141,region
Кемеровская область,2009,451.404,295.977,2.454,749.8349999999999,region
Кемеровская область,2010,397.955,276.288,5.382,679.6249999999999,region
Кемеровская область,2011,386.496,279.515,6.425,672.4359999999999,region
Кемеровская область,2012,381.004,265.352,6.832,653.188,region
Кемеровская область,2013,366.204,248.633,6.648,621.485,region
Кемеровская область,2014,337.412,245.301,6.178,588.891,region
Кемеровская область,2015,334.153,258.49,6.718,599.361,region
Кемеровская область,2016,330.348,262.604,5.129,598.081,region
Кемеровская область,2017,329.538,265.099,3.932,598.569,region
Кировская область,2007,371.01,25.881,1.564,398.455,region
Кировская область,2008,375.631,19.244,1.314,396.189,region
Кировская область,2009,346.821,19.118,1.769,367.708,region
Кировская область,2010,312.887,12.442,2.113,327.442,region
Кировская область,2011,333.251,13.926,2.106,349.28299999999996,region
Кировская область,2012,308.41,13.952,1.915,324.27700000000004,region
Кировская область,2013,304.26,15.014,1.484,320.758,region
Кировская область,2014,303.201,15.34,1.303,319.844,region
Кировская область,2015,293.856,16.711,1.476,312.043,region
Кировская область,2016,294.63,18.006,1.095,313.731,region
Кировская область,2017,291.578,17.87,0.599,310.04699999999997,region
Костромская область,2007,71.58,1.087,0.149,72.816,region
Костромская область,2008,73.618,1.157,0.149,74.92399999999999,region
Костромская область,2009,62.097,1.171,0.149,63.417,region
Костромская область,2010,50.764,0.988,0.122,51.874,region
Костромская область,2011,46.331,1.487,0.112,47.93000000000001,region
Костромская область,2012,43.282,1.759,0.109,45.15,region
Костромская область,2013,39.941,2.85,0.084,42.87500000000001,region
Костромская область,2014,38.003,2.986,0.084,41.073,region
Костромская область,2015,34.793,4.051,0.084,38.928000000000004,region
Костромская область,2016,34.549,4.594,0.143,39.286,region
Костромская область,2017,31.521,4.443,0.075,36.039,region
Краснодарский край,2007,1541.863,546.618,26.481,2114.9620000000004,region
Краснодарский край,2008,1637.429,573.194,29.19,2239.813,region
Краснодарский край,2009,1568.715,595.263,29.002,2192.98,region
Краснодарский край,2010,1524.604,602.43,25.893,2152.927,region
Краснодарский край,2011,1518.43,630.417,24.699,2173.5460000000003,region
Краснодарский край,2012,1481.227,656.124,23.922,2161.273,region
Краснодарский край,2013,1614.753,747.433,22.114,2384.2999999999997,region
Краснодарский край,2014,1625.615,757.716,21.323,2404.654,region
Краснодарский край,2015,1622.818,801.172,20.275,2444.265,region
Краснодарский край,2016,1622.055,828.73,19.493,2470.278,region
Краснодарский край,2017,1595.16,841.699,19.053,2455.912,region
Красноярский край,2007,811.545,106.465,3.187,921.197,region
Красноярский край,2008,855.123,112.426,3.215,970.7640000000001,region
Красноярский край,2009,895.54,116.669,3.282,1015.491,region
Красноярский край,2010,859.345,115.542,3.347,978.234,region
Красноярский край,2011,873.855,121.973,3.4,999.228,region
Красноярский край,2012,866.781,133.286,3.477,1003.544,region
Красноярский край,2013,884.667,147.657,3.532,1035.856,region
Красноярский край,2014,880.211,158.561,3.588,1042.36,region
Красноярский край,2015,877.247,165.041,3.635,1045.923,region
Красноярский край,2016,866.046,186.17,3.919,1056.1350000000002,region
Красноярский край,2017,833.641,210.987,3.675,1048.3029999999999,region
Курганская область,2007,750.975,243.447,32.474,1026.896,region
Курганская область,2008,793.719,262.879,34.418,1091.0159999999998,region
Курганская область,2009,837.243,309.54,40.003,1186.786,region
Курганская область,2010,758.827,314.224,36.867,1109.918,region
Курганская область,2011,771.279,322.827,41.901,1136.007,region
Курганская область,2012,761.441,338.913,44.806,1145.16,region
Курганская область,2013,743.491,363.05,40.128,1146.6689999999999,region
Курганская область,2014,726.775,373.932,33.931,1134.638,region
Курганская область,2015,666.572,372.545,31.491,1070.608,region
Курганская область,2016,671.278,400.714,28.432,1100.424,region
Курганская область,2017,648.568,434.675,24.693,1107.936,region
Курская область,2007,669.888,164.39,5.949,840.227,region
Курская область,2008,783.247,190.03,6.157,979.434,region
Курская область,2009,804.684,190.787,6.643,1002.114,region
Курская область,2010,705.774,182.794,6.673,895.241,region
Курская область,2011,763.995,188.509,7.809,960.313,region
Курская область,2012,756.733,185.849,8.346,950.9279999999999,region
Курская область,2013,806.191,194.514,8.595,1009.3000000000001,region
Курская область,2014,775.324,200.328,6.732,982.3839999999999,region
Курская область,2015,840.583,217.579,7.853,1066.015,region
Курская область,2016,828.016,221.048,7.81,1056.8739999999998,region
Курская область,2017,798.99,216.641,7.803,1023.434,region
Ленинградская область,2007,28.684,0.369,,29.053,region
Ленинградская область,2008,33.461,0.542,,34.003,region
Ленинградская область,2009,35.867,0.595,,36.461999999999996,region
Ленинградская область,2010,30.839,0.717,,31.555999999999997,region
Ленинградская область,2011,36.091,1.04,,37.131,region
Ленинградская область,2012,34.024,0.847,,34.871,region
Ленинградская область,2013,33.53,1.813,,35.343,region
Ленинградская область,2014,36.668,1.897,,38.565,region
Ленинградская область,2015,39.842,1.979,,41.821,region
Ленинградская область,2016,44.376,2.365,,46.741,region
Ленинградская область,2017,39.291,2.496,,41.787,region
Липецкая область,2007,598.21,118.084,5.737,722.0310000000001,region
Липецкая область,2008,668.342,123.397,5.856,797.595,region
Липецкая область,2009,676.133,126.99,6.144,809.267,region
Липецкая область,2010,638.43,115.23,6.414,760.074,region
Липецкая область,2011,663.669,120.758,6.547,790.974,region
Липецкая область,2012,627.625,122.004,6.942,756.571,region
Липецкая область,2013,643.282,131.344,7.005,781.631,region
Липецкая область,2014,609.414,145.52,7.254,762.188,region
Липецкая область,2015,642.216,157.28,7.41,806.906,region
Липецкая область,2016,653.382,159.686,7.675,820.7429999999999,region
Липецкая область,2017,614.256,159.71,7.675,781.641,region
Московская область,2007,84.354,1.439,,85.793,region
Московская область,2008,92.824,1.985,,94.809,region
Московская область,2009,81.162,3.114,,84.27600000000001,region
Московская область,2010,82.135,3.275,,85.41000000000001,region
Московская область,2011,90.243,4.162,,94.405,region
Московская область,2012,88.745,5.829,,94.574,region
Московская область,2013,92.02,6.399,,98.419,region
Московская область,2014,96.774,6.514,,103.288,region
Московская область,2015,123.282,10.336,,133.618,region
Московская область,2016,133.962,10.798,,144.76,region
Московская область,2017,138.309,9.877,,148.186,region
Нижегородская область,2007,547.951,32.79,1.095,581.836,region
Нижегородская область,2008,553.519,42.595,1.168,597.282,region
Нижегородская область,2009,544.845,46.497,1.099,592.441,region
Нижегородская область,2010,514.999,46.337,1.071,562.407,region
Нижегородская область,2011,555.776,55.138,1.216,612.13,region
Нижегородская область,2012,474.612,59.292,1.369,535.273,region
Нижегородская область,2013,475.736,66.923,1.501,544.16,region
Нижегородская область,2014,458.915,68.102,1.585,528.6020000000001,region
Нижегородская область,2015,468.96,90.97,1.738,561.668,region
Нижегородская область,2016,491.712,89.268,2.505,583.485,region
Нижегородская область,2017,462.324,94.757,2.278,559.359,region
Новгородская область,2007,6.26,0.412,0.031,6.702999999999999,region
Новгородская область,2008,8.578,0.635,0.056,9.268999999999998,region
Новгородская область,2009,10.574,0.595,0.129,11.298,region
Новгородская область,2010,10.543,0.964,0.184,11.690999999999999,region
Новгородская область,2011,11.74,1.001,0.297,13.038,region
Новгородская область,2012,11.104,1.16,0.254,12.517999999999999,region
Новгородская область,2013,10.807,1.774,0.213,12.793999999999999,region
Новгородская область,2014,12.866,1.592,0.078,14.536,region
Новгородская область,2015,15.235,1.339,0.088,16.662,region
Новгородская область,2016,18.72,2.359,0.105,21.184,region
Новгородская область,2017,11.0,1.41,0.065,12.475,region
Новосибирская область,2007,1331.066,255.283,4.823,1591.172,region
Новосибирская область,2008,1352.621,297.681,6.343,1656.6450000000002,region
Новосибирская область,2009,1387.371,321.124,5.218,1713.7130000000002,region
Новосибирская область,2010,1251.609,304.087,5.606,1561.302,region
Новосибирская область,2011,1313.734,339.132,5.136,1658.002,region
Новосибирская область,2012,1236.429,377.742,12.773,1626.944,region
Новосибирская область,2013,1174.62,384.228,4.839,1563.687,region
Новосибирская область,2014,1134.979,408.512,4.712,1548.203,region
Новосибирская область,2015,1100.109,413.565,4.304,1517.978,region
Новосибирская область,2016,1097.608,452.795,5.731,1556.134,region
Новосибирская область,2017,1105.524,493.058,6.807,1605.389,region
Омская область,2007,1243.304,740.477,43.62,2027.4009999999998,region
Омская область,2008,1244.12,744.183,48.478,2036.781,region
Омская область,2009,1261.333,804.595,55.259,2121.187,region
Омская область,2010,1081.73,763.809,47.974,1893.513,region
Омская область,2011,1094.96,814.231,45.995,1955.186,region
Омская область,2012,1125.325,863.575,42.39,2031.2900000000002,region
Омская область,2013,1129.139,939.154,35.706,2103.999,region
Омская область,2014,1102.603,1009.364,35.141,2147.108,region
Омская область,2015,1091.751,1023.559,30.673,2145.9829999999997,region
Омская область,2016,1092.335,1037.853,40.801,2170.989,region
Омская область,2017,1054.23,1043.98,42.952,2141.1620000000003,region
Оренбургская область,2007,2095.111,640.315,11.238,2746.6639999999998,region
Оренбургская область,2008,2161.128,763.917,11.498,2936.543,region
Оренбургская область,2009,2216.648,805.224,19.039,3040.9110000000005,region
Оренбургская область,2010,2022.722,757.168,28.144,2808.0339999999997,region
Оренбургская область,2011,1861.073,732.465,34.593,2628.131,region
Оренбургская область,2012,1909.173,833.101,48.099,2790.373,region
Оренбургская область,2013,1906.352,935.672,46.471,2888.4950000000003,region
Оренбургская область,2014,1897.585,1037.842,31.349,2966.7760000000003,region
Оренбургская область,2015,1637.355,1070.328,34.747,2742.43,region
Оренбургская область,2016,1565.005,1118.539,37.532,2721.076,region
Оренбургская область,2017,1457.172,1194.264,40.623,2692.0589999999997,region
Орловская область,2007,474.934,145.686,8.601,629.221,region
Орловская область,2008,585.954,151.937,8.587,746.478,region
Орловская область,2009,632.351,153.961,9.223,795.535,region
Орловская область,2010,611.502,158.105,11.345,780.952,region
Орловская область,2011,598.647,153.156,11.707,763.5100000000001,region
Орловская область,2012,600.733,160.844,11.486,773.063,region
Орловская область,2013,621.21,172.654,10.174,804.038,region
Орловская область,2014,607.531,172.499,9.467,789.497,region
Орловская область,2015,691.558,192.227,8.787,892.572,region
Орловская область,2016,716.34,215.89,8.852,941.082,region
Орловская область,2017,654.538,222.965,8.475,885.9780000000001,region
Пензенская область,2007,617.178,106.589,4.067,727.8340000000001,region
Пензенская область,2008,645.073,124.251,19.165,788.4889999999999,region
Пензенская область,2009,620.908,139.792,10.339,771.0390000000001,region
Пензенская область,2010,508.709,119.457,11.785,639.9509999999999,region
Пензенская область,2011,454.0,105.592,10.97,570.562,region
Пензенская область,2012,465.625,121.851,9.362,596.838,region
Пензенская область,2013,482.538,134.518,5.092,622.148,region
Пензенская область,2014,413.887,130.539,4.947,549.3729999999999,region
Пензенская область,2015,535.019,157.033,6.168,698.22,region
Пензенская область,2016,548.128,160.782,5.56,714.47,region
Пензенская область,2017,541.002,174.679,5.701,721.382,region
Пермский край,2007,333.218,16.775,0.905,350.89799999999997,region
Пермский край,2008,327.316,15.817,1.02,344.15299999999996,region
Пермский край,2009,291.11,13.978,0.885,305.973,region
Пермский край,2010,272.57,11.852,0.938,285.35999999999996,region
Пермский край,2011,268.097,12.747,1.294,282.138,region
Пермский край,2012,239.423,13.693,1.153,254.269,region
Пермский край,2013,250.424,16.447,1.437,268.308,region
Пермский край,2014,223.441,19.244,1.328,244.013,region
Пермский край,2015,224.765,22.332,1.373,248.46999999999997,region
Пермский край,2016,221.523,24.58,1.383,247.48600000000002,region
Пермский край,2017,219.849,28.769,1.782,250.4,region
Приморский край,2007,85.22,16.728,1.67,103.61800000000001,region
Приморский край,2008,90.609,16.991,1.847,109.44699999999999,region
Приморский край,2009,94.326,20.48,1.606,116.41199999999999,region
Приморский край,2010,64.483,13.955,1.397,79.83500000000001,region
Приморский край,2011,80.469,21.182,1.225,102.87599999999999,region
Приморский край,2012,91.737,25.189,1.119,118.04499999999999,region
Приморский край,2013,80.678,24.419,0.929,106.026,region
Приморский край,2014,82.105,29.466,0.955,112.526,region
Приморский край,2015,72.918,27.098,0.844,100.86,region
Приморский край,2016,76.045,28.734,0.887,105.666,region
Приморский край,2017,73.145,27.172,0.802,101.119,region
Псковская область,2007,17.809,0.96,1.187,19.956000000000003,region
Псковская область,2008,22.108,0.808,1.184,24.1,region
Псковская область,2009,21.368,0.875,1.029,23.272,region
Псковская область,2010,16.203,0.52,0.943,17.666,region
Псковская область,2011,19.474,0.449,1.094,21.017000000000003,region
Псковская область,2012,23.002,0.596,1.144,24.741999999999997,region
Псковская область,2013,25.32,0.823,1.1,27.243000000000002,region
Псковская область,2014,36.875,0.969,1.161,39.005,region
Псковская область,2015,41.121,1.016,1.173,43.31,region
Псковская область,2016,43.124,1.559,1.049,45.732,region
Псковская область,2017,41.699,2.065,0.89,44.653999999999996,region
Республика Адыгея,2007,46.092,51.882,4.74,102.71399999999998,region
Республика Адыгея,2008,55.725,59.775,3.125,118.625,region
Республика Адыгея,2009,55.326,66.069,1.109,122.504,region
Республика Адыгея,2010,52.077,58.036,4.099,114.212,region
Республика Адыгея,2011,48.128,60.682,1.402,110.212,region
Республика Адыгея,2012,49.27,59.563,1.094,109.92699999999999,region
Республика Адыгея,2013,61.514,67.912,0.953,130.37900000000002,region
Республика Адыгея,2014,57.096,76.597,0.941,134.634,region
Республика Адыгея,2015,60.997,81.455,0.951,143.403,region
Республика Адыгея,2016,67.132,82.96,1.37,151.462,region
Республика Адыгея,2017,55.208,87.336,0.757,143.301,region
Республика Алтай,2007,15.232,0.848,,16.08,region
Республика Алтай,2008,14.228,0.738,,14.966,region
Республика Алтай,2009,11.637,0.69,,12.327,region
Республика Алтай,2010,7.944,1.246,,9.19,region
Республика Алтай,2011,7.794,0.749,,8.543,region
Республика Алтай,2012,7.686,0.903,0.002,8.591000000000001,region
Республика Алтай,2013,6.704,0.913,0.001,7.618,region
Республика Алтай,2014,5.669,1.202,0.001,6.872,region
Республика Алтай,2015,5.48,0.993,0.0,6.473000000000001,region
Республика Алтай,2016,5.48,0.998,0.005,6.4830000000000005,region
Республика Алтай,2017,5.639,0.88,0.001,6.5200000000000005,region
Республика Башкортостан,2007,1398.245,253.451,,1651.696,region
Республика Башкортостан,2008,1455.369,264.449,,1719.818,region
Республика Башкортостан,2009,1610.933,281.686,,1892.619,region
Республика Башкортостан,2010,1457.313,303.398,,1760.7110000000002,region
Республика Башкортостан,2011,1290.447,299.44,,1589.887,region
Республика Башкортостан,2012,1344.635,350.731,,1695.366,region
Республика Башкортостан,2013,1361.693,378.816,,1740.509,region
Республика Башкортостан,2014,1328.367,422.343,0.161,1750.871,region
Республика Башкортостан,2015,1290.776,466.226,0.082,1757.084,region
Республика Башкортостан,2016,1274.965,535.725,0.011,1810.701,region
Республика Башкортостан,2017,1192.906,592.8,,1785.706,region
Республика Бурятия,2007,98.42,8.863,0.382,107.665,region
Республика Бурятия,2008,76.784,9.059,0.298,86.141,region
Республика Бурятия,2009,95.105,7.463,0.354,102.922,region
Республика Бурятия,2010,98.415,7.555,1.047,107.017,region
Республика Бурятия,2011,99.178,8.667,0.418,108.263,region
Республика Бурятия,2012,88.057,12.503,0.35,100.91,region
Республика Бурятия,2013,79.278,12.817,0.594,92.689,region
Республика Бурятия,2014,74.561,13.999,0.813,89.373,region
Республика Бурятия,2015,69.218,15.449,1.031,85.69800000000001,region
Республика Бурятия,2016,57.795,17.182,0.704,75.681,region
Республика Бурятия,2017,52.771,18.281,0.648,71.69999999999999,region
Республика Дагестан,2007,45.527,14.138,37.339,97.00399999999999,region
Республика Дагестан,2008,55.78,20.757,39.199,115.736,region
Республика Дагестан,2009,47.589,14.453,44.325,106.367,region
Республика Дагестан,2010,50.36,12.35,41.904,104.614,region
Республика Дагестан,2011,55.974,11.13,44.786,111.89,region
Республика Дагестан,2012,39.812,6.809,39.141,85.762,region
Республика Дагестан,2013,59.708,12.845,46.373,118.92599999999999,region
Республика Дагестан,2014,66.795,16.273,47.451,130.519,region
Республика Дагестан,2015,67.38,16.649,50.137,134.166,region
Республика Дагестан,2016,67.012,20.478,53.149,140.639,region
Республика Дагестан,2017,69.235,27.388,52.053,148.676,region
Республика Ингушетия,2007,20.705,11.708,1.057,33.47,region
Республика Ингушетия,2008,20.636,16.275,1.01,37.921,region
Республика Ингушетия,2009,21.331,16.878,1.158,39.367000000000004,region
Республика Ингушетия,2010,21.663,16.308,1.113,39.084,region
Республика Ингушетия,2011,23.185,21.385,1.12,45.69,region
Республика Ингушетия,2012,21.806,15.763,1.12,38.689,region
Республика Ингушетия,2013,26.203,16.822,1.118,44.143,region
Республика Ингушетия,2014,27.212,18.49,1.12,46.821999999999996,region
Республика Ингушетия,2015,24.926,21.926,1.12,47.971999999999994,region
Республика Ингушетия,2016,25.563,18.264,1.119,44.946,region
Республика Ингушетия,2017,22.873,20.025,1.119,44.016999999999996,region
Республика Калмыкия,2007,156.049,85.858,0.871,242.77800000000002,region
Республика Калмыкия,2008,142.082,82.584,0.87,225.536,region
Республика Калмыкия,2009,174.426,103.413,,277.839,region
Республика Калмыкия,2010,133.052,85.118,,218.17,region
Республика Калмыкия,2011,117.323,80.728,,198.051,region
Республика Калмыкия,2012,117.064,65.78,,182.844,region
Республика Калмыкия,2013,130.279,90.766,,221.04500000000002,region
Республика Калмыкия,2014,100.508,93.378,,193.886,region
Республика Калмыкия,2015,109.13,108.421,,217.551,region
Республика Калмыкия,2016,87.746,111.825,7.083,206.654,region
Республика Калмыкия,2017,99.121,138.778,4.375,242.274,region
Республика Карелия,2007,0.584,0.047,0.002,0.633,region
Республика Карелия,2008,0.235,0.028,,0.263,region
Республика Карелия,2009,0.138,0.024,,0.162,region
Республика Карелия,2010,0.13,0.019,,0.149,region
Республика Карелия,2011,0.09,0.011,,0.10099999999999999,region
Республика Карелия,2012,0.04,0.024,,0.064,region
Республика Карелия,2013,0.04,0.018,,0.057999999999999996,region
Республика Карелия,2014,0.05,0.004,,0.054000000000000006,region
Республика Карелия,2015,0.003,,,0.003,region
Республика Карелия,2016,0.0,0.0,,0.0,region
Республика Карелия,2017,0.002,,,0.002,region
Республика Коми,2007,0.518,,,0.518,region
Республика Коми,2008,0.534,0.003,0.0,0.537,region
Республика Коми,2009,0.023,,0.0,0.023,region
Республика Коми,2010,0.019,,0.0,0.019,region
Республика Коми,2011,0.018,,0.0,0.018,region
Республика Коми,2012,0.012,,0.0,0.012,region
Республика Коми,2013,0.014,,0.0,0.014,region
Республика Коми,2014,0.01,,0.0,0.01,region
Республика Коми,2015,0.022,,0.0,0.022,region
Республика Коми,2016,0.008,,0.0,0.008,region
Республика Коми,2017,0.008,,,0.008,region
Республика Крым,2007,,,,0.0,region
Республика Крым,2008,,,,0.0,region
Республика Крым,2009,,,,0.0,region
Республика Крым,2010,,,,0.0,region
Республика Крым,2011,,,,0.0,region
Республика Крым,2012,,,,0.0,region
Республика Крым,2013,,,,0.0,region
Республика Крым,2014,289.155,78.17,81.572,448.897,region
Республика Крым,2015,288.775,122.58,56.978,468.33299999999997,region
Республика Крым,2016,280.482,123.17,43.475,447.12700000000007,region
Республика Крым,2017,306.832,146.455,28.338,481.62500000000006,region
Республика Марий Эл,2007,164.182,6.801,0.107,171.08999999999997,region
Республика Марий Эл,2008,167.68,8.457,0.289,176.426,region
Республика Марий Эл,2009,151.016,7.503,0.261,158.78,region
Республика Марий Эл,2010,132.971,7.747,0.173,140.89100000000002,region
Республика Марий Эл,2011,145.883,9.933,0.381,156.197,region
Республика Марий Эл,2012,136.218,8.529,0.355,145.10199999999998,region
Республика Марий Эл,2013,134.747,9.78,0.257,144.78400000000002,region
Республика Марий Эл,2014,132.697,10.679,0.309,143.685,region
Республика Марий Эл,2015,121.633,12.966,0.111,134.70999999999998,region
Республика Марий Эл,2016,121.672,13.532,0.27,135.47400000000002,region
Республика Марий Эл,2017,124.762,14.905,0.26,139.927,region
Республика Мордовия,2007,369.513,46.242,1.305,417.06,region
Республика Мордовия,2008,378.067,46.715,1.973,426.75500000000005,region
Республика Мордовия,2009,390.789,49.306,2.709,442.804,region
Республика Мордовия,2010,377.992,49.878,2.697,430.567,region
Республика Мордовия,2011,389.012,51.949,3.561,444.522,region
Республика Мордовия,2012,370.179,54.055,2.112,426.346,region
Республика Мордовия,2013,389.666,53.444,3.532,446.642,region
Республика Мордовия,2014,374.89,53.611,3.989,432.48999999999995,region
Республика Мордовия,2015,388.463,56.849,2.205,447.517,region
Республика Мордовия,2016,381.113,58.842,2.963,442.918,region
Республика Мордовия,2017,387.007,58.292,3.126,448.42499999999995,region
Республика Саха (Якутия),2007,11.962,1.068,,13.03,region
Республика Саха (Якутия),2008,10.796,1.155,0.006,11.956999999999999,region
Республика Саха (Якутия),2009,12.465,1.871,0.005,14.341000000000001,region
Республика Саха (Якутия),2010,13.035,2.283,,15.318,region
Республика Саха (Якутия),2011,12.835,1.832,,14.667000000000002,region
Республика Саха (Якутия),2012,10.491,1.68,,12.171,region
Республика Саха (Якутия),2013,10.608,1.16,,11.768,region
Республика Саха (Якутия),2014,9.461,1.408,,10.869,region
Республика Саха (Якутия),2015,8.703,2.035,,10.738,region
Республика Саха (Якутия),2016,8.991,2.086,0.001,11.078,region
Республика Саха (Якутия),2017,8.353,2.987,,11.34,region
Республика Северная Осетия-Алания,2007,72.655,24.189,3.49,100.33399999999999,region
Республика Северная Осетия-Алания,2008,82.065,38.369,1.425,121.859,region
Республика Северная Осетия-Алания,2009,84.77,33.543,1.511,119.82399999999998,region
Республика Северная Осетия-Алания,2010,77.424,28.413,1.731,107.568,region
Республика Северная Осетия-Алания,2011,83.306,35.204,1.699,120.20899999999999,region
Республика Северная Осетия-Алания,2012,81.719,38.196,1.535,121.44999999999999,region
Республика Северная Осетия-Алания,2013,88.256,39.998,1.73,129.98399999999998,region
Республика Северная Осетия-Алания,2014,90.523,34.568,1.629,126.72,region
Республика Северная Осетия-Алания,2015,85.267,45.805,1.571,132.643,region
Республика Северная Осетия-Алания,2016,80.653,45.741,1.52,127.914,region
Республика Северная Осетия-Алания,2017,85.386,46.2,1.514,133.10000000000002,region
Республика Татарстан,2007,1412.068,227.99,,1640.058,region
Республика Татарстан,2008,1457.962,244.947,,1702.909,region
Республика Татарстан,2009,1416.131,240.273,,1656.404,region
Республика Татарстан,2010,1275.382,236.97,,1512.352,region
Республика Татарстан,2011,1408.837,244.071,,1652.908,region
Республика Татарстан,2012,1317.672,237.202,,1554.874,region
Республика Татарстан,2013,1348.801,264.637,,1613.4379999999999,region
Республика Татарстан,2014,1288.413,283.856,,1572.269,region
Республика Татарстан,2015,1300.393,294.728,,1595.121,region
Республика Татарстан,2016,1285.634,301.763,4.306,1591.703,region
Республика Татарстан,2017,1205.818,324.467,3.686,1533.9709999999998,region
Республика Тыва,2007,12.476,0.625,2.048,15.149000000000001,region
Республика Тыва,2008,12.482,0.818,2.027,15.326999999999998,region
Республика Тыва,2009,11.709,2.748,1.991,16.448,region
Республика Тыва,2010,13.6,5.262,1.955,20.817,region
Республика Тыва,2011,13.455,6.813,1.8,22.068,region
Республика Тыва,2012,13.537,12.316,1.683,27.536,region
Республика Тыва,2013,14.044,19.527,1.845,35.416,region
Республика Тыва,2014,5.701,5.591,1.123,12.415,region
Республика Тыва,2015,3.229,2.697,0.712,6.638,region
Республика Тыва,2016,5.653,2.356,0.503,8.512,region
Республика Тыва,2017,5.025,1.631,0.449,7.105,region
Республика Хакасия,2007,68.355,18.525,,86.88,region
Республика Хакасия,2008,64.618,20.711,,85.329,region
Республика Хакасия,2009,65.822,23.763,,89.58500000000001,region
Республика Хакасия,2010,64.469,26.415,,90.88399999999999,region
Республика Хакасия,2011,76.732,31.28,,108.012,region
Республика Хакасия,2012,76.34,38.45,,114.79,region
Республика Хакасия,2013,69.119,36.115,,105.23400000000001,region
Республика Хакасия,2014,73.622,33.717,,107.339,region
Республика Хакасия,2015,63.863,28.829,,92.69200000000001,region
Республика Хакасия,2016,54.046,35.529,0.0,89.575,region
Республика Хакасия,2017,59.814,39.893,,99.707,region
Ростовская область,2007,2027.422,743.926,18.223,2789.571,region
Ростовская область,2008,2067.235,783.629,17.243,2868.107,region
Ростовская область,2009,2122.467,787.312,20.984,2930.763,region
Ростовская область,2010,2012.963,793.647,24.668,2831.2780000000002,region
Ростовская область,2011,2082.774,850.488,26.884,2960.1459999999997,region
Ростовская область,2012,2081.87,906.859,28.886,3017.615,region
Ростовская область,2013,2176.645,992.357,24.769,3193.7709999999997,region
Ростовская область,2014,2176.432,1021.755,26.806,3224.993,region
Ростовская область,2015,2213.083,1077.999,28.736,3319.818,region
Ростовская область,2016,2173.52,1094.001,29.634,3297.1549999999997,region
Ростовская область,2017,2195.696,1154.144,30.328,3380.168,region
Рязанская область,2007,416.415,40.669,1.138,458.222,region
Рязанская область,2008,443.734,59.672,1.002,504.40799999999996,region
Рязанская область,2009,451.478,71.482,0.939,523.899,region
Рязанская область,2010,430.359,70.169,0.824,501.352,region
Рязанская область,2011,437.157,77.224,0.705,515.086,region
Рязанская область,2012,436.992,76.333,,513.325,region
Рязанская область,2013,451.222,77.732,,528.954,region
Рязанская область,2014,401.157,75.288,,476.445,region
Рязанская область,2015,461.078,84.279,,545.357,region
Рязанская область,2016,476.555,99.038,0.133,575.726,region
Рязанская область,2017,495.703,100.775,0.13,596.608,region
Самарская область,2007,931.542,230.096,1.834,1163.472,region
Самарская область,2008,947.749,234.325,1.205,1183.279,region
Самарская область,2009,958.992,214.59,1.437,1175.0189999999998,region
Самарская область,2010,796.014,190.623,3.635,990.2719999999999,region
Самарская область,2011,644.888,170.103,3.035,818.026,region
Самарская область,2012,725.854,199.947,4.232,930.033,region
Самарская область,2013,797.735,242.863,1.415,1042.013,region
Самарская область,2014,830.896,271.9,0.883,1103.6789999999999,region
Самарская область,2015,803.063,297.621,1.045,1101.729,region
Самарская область,2016,804.533,324.659,0.745,1129.937,region
Самарская область,2017,797.823,314.641,0.75,1113.214,region
Саратовская область,2007,1318.831,1058.586,2.36,2379.777,region
Саратовская область,2008,1355.721,1133.35,2.715,2491.786,region
Саратовская область,2009,1391.779,1166.371,3.558,2561.708,region
Саратовская область,2010,1189.24,1033.895,1.674,2224.809,region
Саратовская область,2011,935.406,900.81,1.715,1837.9309999999998,region
Саратовская область,2012,1188.656,1114.206,1.954,2304.8160000000003,region
Саратовская область,2013,1159.951,1104.143,1.983,2266.077,region
Саратовская область,2014,1066.203,1069.499,1.433,2137.135,region
Саратовская область,2015,1047.714,1045.763,1.582,2095.0589999999997,region
Саратовская область,2016,1036.806,1069.977,4.13,2110.9130000000005,region
Саратовская область,2017,1130.303,1179.076,3.894,2313.2729999999997,region
Свердловская область,2007,370.462,60.208,0.555,431.22499999999997,region
Свердловская область,2008,365.889,64.43,0.929,431.248,region
Свердловская область,2009,328.911,67.683,0.588,397.182,region
Свердловская область,2010,291.536,58.235,0.573,350.344,region
Свердловская область,2011,301.446,61.894,0.553,363.89300000000003,region
Свердловская область,2012,280.437,60.334,0.533,341.30400000000003,region
Свердловская область,2013,288.641,60.597,0.533,349.771,region
Свердловская область,2014,284.834,61.809,0.514,347.15700000000004,region
Свердловская область,2015,278.812,63.014,0.631,342.457,region
Свердловская область,2016,275.531,62.587,0.599,338.717,region
Свердловская область,2017,270.197,66.543,0.603,337.343,region
Смоленская область,2007,65.524,10.413,2.782,78.719,region
Смоленская область,2008,81.584,12.932,2.723,97.239,region
Смоленская область,2009,86.818,11.57,2.82,101.208,region
Смоленская область,2010,73.471,11.065,2.743,87.279,region
Смоленская область,2011,92.811,16.13,2.748,111.68900000000001,region
Смоленская область,2012,105.399,17.124,2.616,125.139,region
Смоленская область,2013,98.418,16.196,2.588,117.202,region
Смоленская область,2014,89.896,16.459,2.604,108.959,region
Смоленская область,2015,85.643,19.658,2.686,107.987,region
Смоленская область,2016,93.735,20.67,2.729,117.134,region
Смоленская область,2017,93.43,19.827,2.665,115.92200000000001,region
Ставропольский край,2007,1774.383,387.472,6.691,2168.546,region
Ставропольский край,2008,1814.925,433.328,6.94,2255.1929999999998,region
Ставропольский край,2009,1812.708,450.79,4.424,2267.922,region
Ставропольский край,2010,1715.849,423.021,7.54,2146.41,region
Ставропольский край,2011,1712.294,431.555,7.658,2151.507,region
Ставропольский край,2012,1703.015,430.902,7.421,2141.3379999999997,region
Ставропольский край,2013,1800.513,488.335,4.2,2293.048,region
Ставропольский край,2014,1792.348,503.279,3.899,2299.526,region
Ставропольский край,2015,1839.736,518.034,4.257,2362.027,region
Ставропольский край,2016,1892.879,534.485,3.894,2431.258,region
Ставропольский край,2017,1857.547,558.781,3.504,2419.832,region
Тамбовская область,2007,653.075,204.245,3.231,860.551,region
Тамбовская область,2008,715.586,225.366,2.9,943.852,region
Тамбовская область,2009,741.27,221.411,3.009,965.69,region
Тамбовская область,2010,619.259,195.44,3.139,817.8380000000001,region
Тамбовская область,2011,664.251,210.918,2.983,878.1519999999999,region
Тамбовская область,2012,665.156,224.396,3.204,892.7559999999999,region
Тамбовская область,2013,742.605,247.69,2.936,993.2310000000001,region
Тамбовская область,2014,737.448,253.126,2.728,993.3019999999999,region
Тамбовская область,2015,815.371,275.878,2.82,1094.069,region
Тамбовская область,2016,772.997,259.834,2.096,1034.927,region
Тамбовская область,2017,811.715,264.256,2.01,1077.981,region
Тверская область,2007,92.607,5.321,0.667,98.595,region
Тверская область,2008,89.888,6.809,0.612,97.309,region
Тверская область,2009,78.824,7.54,1.016,87.38000000000001,region
Тверская область,2010,66.935,6.063,0.978,73.976,region
Тверская область,2011,60.416,6.677,0.86,67.95299999999999,region
Тверская область,2012,58.279,7.49,0.798,66.56700000000001,region
Тверская область,2013,57.541,8.2,0.623,66.364,region
Тверская область,2014,56.649,9.339,0.57,66.55799999999999,region
Тверская область,2015,59.77,10.381,0.441,70.59200000000001,region
Тверская область,2016,63.183,12.22,0.498,75.90100000000001,region
Тверская область,2017,57.995,12.152,0.214,70.36099999999999,region
Томская область,2007,212.587,32.338,0.091,245.016,region
Томская область,2008,215.291,32.05,0.121,247.46200000000002,region
Томская область,2009,216.468,39.856,0.252,256.576,region
Томская область,2010,204.013,36.014,0.391,240.418,region
Томская область,2011,212.56,37.169,0.585,250.314,region
Томская область,2012,211.046,41.363,0.479,252.888,region
Томская область,2013,180.063,39.477,0.311,219.851,region
Томская область,2014,171.787,41.658,0.327,213.772,region
Томская область,2015,150.616,46.49,0.523,197.62900000000002,region
Томская область,2016,147.959,42.087,0.404,190.45,region
Томская область,2017,143.167,42.296,1.037,186.5,region
Тульская область,2007,359.979,63.359,0.0,423.33799999999997,region
Тульская область,2008,402.964,79.407,0.0,482.371,region
Тульская область,2009,434.934,89.19,0.0,524.124,region
Тульская область,2010,419.179,94.021,0.0,513.1999999999999,region
Тульская область,2011,402.104,95.724,0.0,497.828,region
Тульская область,2012,368.078,96.62,0.0,464.698,region
Тульская область,2013,367.143,111.592,0.0,478.73499999999996,region
Тульская область,2014,351.613,123.038,0.0,474.651,region
Тульская область,2015,384.774,142.917,0.0,527.691,region
Тульская область,2016,426.426,144.122,0.0,570.548,region
Тульская область,2017,440.148,150.607,0.0,590.755,region
Тюменская область,2007,505.76,105.772,1.025,612.557,region
Тюменская область,2008,573.326,114.689,1.23,689.245,region
Тюменская область,2009,603.49,115.353,1.454,720.2969999999999,region
Тюменская область,2010,590.87,115.859,1.287,708.0160000000001,region
Тюменская область,2011,594.844,118.635,3.527,717.0060000000001,region
Тюменская область,2012,567.294,128.024,4.888,700.206,region
Тюменская область,2013,557.604,134.049,2.922,694.575,region
Тюменская область,2014,551.89,141.549,5.023,698.462,region
Тюменская область,2015,553.123,137.955,1.997,693.075,region
Тюменская область,2016,553.836,140.267,2.103,696.206,region
Тюменская область,2017,548.57,136.61,1.608,686.788,region
Тюменская область без автономных округов,2007,505.76,105.772,1.025,612.557,region
Тюменская область без автономных округов,2008,573.326,114.689,1.23,689.245,region
Тюменская область без автономных округов,2009,603.49,115.353,1.454,720.2969999999999,region
Тюменская область без автономных округов,2010,590.87,115.859,1.287,708.0160000000001,region
Тюменская область без автономных округов,2011,594.844,118.635,3.527,717.0060000000001,region
Тюменская область без автономных округов,2012,567.294,128.024,4.888,700.206,region
Тюменская область без автономных округов,2013,557.604,133.919,2.922,694.445,region
Тюменская область без автономных округов,2014,551.89,141.413,5.023,698.326,region
Тюменская область без автономных округов,2015,553.123,137.955,1.997,693.075,region
Тюменская область без автономных округов,2016,553.836,140.267,2.096,696.1990000000001,region
Тюменская область без автономных округов,2017,548.569,136.61,1.608,686.7869999999999,region
Удмуртская Республика,2007,385.061,31.557,0.624,417.242,region
Удмуртская Республика,2008,395.124,31.312,0.71,427.146,region
Удмуртская Республика,2009,373.746,32.181,0.519,406.44599999999997,region
Удмуртская Республика,2010,376.231,38.38,1.108,415.719,region
Удмуртская Республика,2011,335.346,38.827,1.035,375.208,region
Удмуртская Республика,2012,310.536,40.362,1.623,352.521,region
Удмуртская Республика,2013,371.349,52.864,1.755,425.96799999999996,region
Удмуртская Республика,2014,308.354,48.088,1.69,358.132,region
Удмуртская Республика,2015,318.696,48.504,1.882,369.08200000000005,region
Удмуртская Республика,2016,308.982,51.68,1.531,362.19300000000004,region
Удмуртская Республика,2017,295.974,56.583,1.345,353.90200000000004,region
Ульяновская область,2007,371.331,78.93,0.465,450.726,region
Ульяновская область,2008,484.148,91.524,0.855,576.527,region
Ульяновская область,2009,563.83,103.646,2.694,670.17,region
Ульяновская область,2010,501.293,92.687,1.674,595.654,region
Ульяновская область,2011,495.754,94.042,0.344,590.1400000000001,region
Ульяновская область,2012,461.824,104.985,0.123,566.932,region
Ульяновская область,2013,460.542,120.333,,580.875,region
Ульяновская область,2014,423.503,124.672,,548.175,region
Ульяновская область,2015,448.181,131.031,,579.212,region
Ульяновская область,2016,421.865,135.235,,557.1,region
Ульяновская область,2017,438.58,148.366,,586.946,region
Хабаровский край,2007,12.836,0.55,0.122,13.508000000000001,region
Хабаровский край,2008,12.918,0.649,0.063,13.63,region
Хабаровский край,2009,13.867,0.855,0.05,14.772000000000002,region
Хабаровский край,2010,5.468,0.52,0.04,6.028,region
Хабаровский край,2011,7.517,0.73,0.032,8.279,region
Хабаровский край,2012,7.962,0.816,0.026,8.804,region
Хабаровский край,2013,7.665,0.846,0.02,8.530999999999999,region
Хабаровский край,2014,8.132,1.303,0.016,9.450999999999999,region
Хабаровский край,2015,7.132,1.498,0.011,8.640999999999998,region
Хабаровский край,2016,7.672,1.433,0.007,9.112,region
Хабаровский край,2017,6.71,1.825,0.006,8.541,region
Ханты-Мансийский автономный округ,2007,,,,0.0,region
Ханты-Мансийский автономный округ,2008,,,,0.0,region
Ханты-Мансийский автономный округ,2009,,,,0.0,region
Ханты-Мансийский автономный округ,2010,,,,0.0,region
Ханты-Мансийский автономный округ,2011,,,,0.0,region
Ханты-Мансийский автономный округ,2012,,,,0.0,region
Ханты-Мансийский автономный округ,2013,,0.13,,0.13,region
Ханты-Мансийский автономный округ,2014,,0.136,,0.136,region
Ханты-Мансийский автономный округ,2015,,,,0.0,region
Ханты-Мансийский автономный округ,2016,,0.0,0.007,0.007,region
Ханты-Мансийский автономный округ,2017,,,,0.0,region
Челябинская область,2007,922.412,342.199,109.526,1374.1370000000002,region
Челябинская область,2008,926.798,358.913,112.123,1397.834,region
Челябинская область,2009,975.794,371.957,127.586,1475.337,region
Челябинская область,2010,944.817,388.839,137.237,1470.893,region
Челябинская область,2011,903.365,389.028,148.658,1441.051,region
Челябинская область,2012,853.704,402.497,153.237,1409.438,region
Челябинская область,2013,839.466,465.928,107.769,1413.163,region
Челябинская область,2014,793.37,495.087,92.7,1381.157,region
Челябинская область,2015,717.483,477.869,82.501,1277.8529999999998,region
Челябинская область,2016,739.924,531.478,81.956,1353.358,region
Челябинская область,2017,675.454,648.814,81.835,1406.103,region
Чеченская Республика,2007,66.67,25.569,3.535,95.774,region
Чеченская Республика,2008,80.689,34.111,3.473,118.27299999999998,region
Чеченская Республика,2009,86.577,36.236,3.326,126.13899999999998,region
Чеченская Республика,2010,71.901,25.866,3.172,100.939,region
Чеченская Республика,2011,74.385,23.849,3.025,101.25900000000001,region
Чеченская Республика,2012,65.143,30.282,2.868,98.29299999999999,region
Чеченская Республика,2013,77.717,30.092,2.719,110.52799999999999,region
Чеченская Республика,2014,96.826,37.608,2.527,136.96099999999998,region
Чеченская Республика,2015,76.641,37.185,2.326,116.152,region
Чеченская Республика,2016,90.601,54.863,2.15,147.614,region
Чеченская Республика,2017,105.924,58.231,2.066,166.221,region
Чувашская Республика,2007,178.051,20.616,2.081,200.74799999999996,region
Чувашская Республика,2008,208.917,28.117,2.241,239.275,region
Чувашская Республика,2009,208.877,40.602,1.482,250.961,region
Чувашская Республика,2010,208.338,43.682,2.857,254.87699999999998,region
Чувашская Республика,2011,203.465,50.434,2.109,256.008,region
Чувашская Республика,2012,172.625,54.722,2.496,229.84300000000002,region
Чувашская Республика,2013,185.813,69.962,2.833,258.608,region
Чувашская Республика,2014,186.138,77.694,3.158,266.99,region
Чувашская Республика,2015,197.784,83.248,3.86,284.892,region
Чувашская Республика,2016,199.421,87.169,4.033,290.623,region
Чувашская Республика,2017,186.751,96.043,4.954,287.748,region
Ямало-Ненецкий автономный округ,2007,,,,0.0,region
Ямало-Ненецкий автономный округ,2008,,,,0.0,region
Ямало-Ненецкий автономный округ,2009,,,,0.0,region
Ямало-Ненецкий автономный округ,2010,,,,0.0,region
Ямало-Ненецкий автономный округ,2011,,,,0.0,region
Ямало-Ненецкий автономный округ,2012,,,,0.0,region
Ямало-Ненецкий автономный округ,2013,,,,0.0,region
Ямало-Ненецкий автономный округ,2014,,,,0.0,region
Ямало-Ненецкий автономный округ,2015,,,,0.0,region
Ямало-Ненецкий автономный округ,2016,,,,0.0,region
Ямало-Ненецкий автономный округ,2017,0.002,,,0.002,region
Ярославская область,2007,51.698,1.509,0.151,53.358000000000004,region
Ярославская область,2008,60.588,1.162,0.1,61.85,region
Ярославская область,2009,55.135,0.338,0.078,55.551,region
Ярославская область,2010,47.599,0.164,,47.763,region
Ярославская область,2011,48.893,0.596,,49.489,region
Ярославская область,2012,45.63,0.741,0.189,46.56,region
Ярославская область,2013,44.624,0.894,0.182,45.7,region
Ярославская область,2014,46.088,0.747,0.203,47.038000000000004,region
Ярославская область,2015,44.883,1.086,0.224,46.193,region
Ярославская область,2016,47.536,1.291,0.231,49.058,region
Ярославская область,2017,46.722,1.537,0.0,48.259,region
г. Москва,2007,,,,0.0,region
г. Москва,2008,,,,0.0,region
г. Москва,2009,,,,0.0,region
г. Москва,2010,,,,0.0,region
г. Москва,2011,,,,0.0,region
г. Москва,2012,1.86,,,1.86,region
г. Москва,2013,2.79,,,2.79,region
г. Москва,2014,2.046,,,2.046,region
г. Москва,2015,3.353,,,3.353,region
г. Москва,2016,3.317,0.007,,3.3240000000000003,region
г. Москва,2017,2.424,0.0,,2.424,region
г. Севастополь,2007,,,,0.0,region
г. Севастополь,2008,,,,0.0,region
г. Севастополь,2009,,,,0.0,region
г. Севастополь,2010,,,,0.0,region
г. Севастополь,2011,,,,0.0,region
г. Севастополь,2012,,,,0.0,region
г. Севастополь,2013,,,,0.0,region
г. Севастополь,2014,0.412,,0.018,0.43,region
г. Севастополь,2015,0.578,,0.0,0.578,region
г. Севастополь,2016,0.565,,0.005,0.57,region
г. Севастополь,2017,0.651,,0.0,0.651,region
