region,year,area_total,level,drop_flag,region_type
Алтайский край,2007,3576.553,region,False,krai
Алтайский край,2008,3781.666,region,False,krai
Алтайский край,2009,3803.968,region,False,krai
Алтайский край,2010,3393.564,region,False,krai
Алтайский край,2011,3628.322,region,False,krai
Алтайский край,2012,3538.062,region,False,krai
Алтайский край,2013,3536.192,region,False,krai
Алтайский край,2014,3717.01,region,False,krai
Алтайский край,2015,3632.101,region,False,krai
Алтайский край,2016,3646.225,region,False,krai
Алтайский край,2017,3746.324000000001,region,False,krai
Алтайский край,2018,3240.382,region,False,krai
Алтайский край,2019,3169.043,region,False,krai
Алтайский край,2020,3289.34,region,False,krai
Алтайский край,2021,3234.649,region,False,krai
Алтайский край,2022,3353.13131,region,False,krai
Алтайский край,2023,3352.99945,region,False,krai
Амурская область,2007,231.975,region,False,oblast
Амурская область,2008,258.398,region,False,oblast
Амурская область,2009,247.87,region,False,oblast
Амурская область,2010,204.448,region,False,oblast
Амурская область,2011,189.62,region,False,oblast
Амурская область,2012,223.388,region,False,oblast
Амурская область,2013,178.086,region,False,oblast
Амурская область,2014,194.908,region,False,oblast
Амурская область,2015,180.726,region,False,oblast
Амурская область,2016,219.427,region,False,oblast
Амурская область,2017,201.254,region,False,oblast
Амурская область,2018,204.19,region,False,oblast
Амурская область,2019,232.089,region,False,oblast
Амурская область,2020,220.139,region,False,oblast
Амурская область,2021,194.755,region,False,oblast
Амурская область,2022,180.08813,region,False,oblast
Амурская область,2023,198.00706,region,False,oblast
Архангельская область,2007,3.233,region,False,oblast
Архангельская область,2008,1.844,region,False,oblast
Архангельская область,2009,1.811,region,False,oblast
Архангельская область,2010,2.24,region,False,oblast
Архангельская область,2011,3.156,region,False,oblast
Архангельская область,2012,2.69,region,False,oblast
Архангельская область,2013,2.418,region,False,oblast
Архангельская область,2014,3.018,region,False,oblast
Архангельская область,2015,2.799,region,False,oblast
Архангельская область,2016,3.17,region,False,oblast
Архангельская область,2017,1.294,region,False,oblast
Архангельская область,2018,1.071,region,False,oblast
Архангельская область,2019,0.819,region,False,oblast
Архангельская область,2020,0.31,region,False,oblast
Архангельская область,2021,999999999.0,region,False,oblast
Астраханская область,2007,24.88,region,False,oblast
Астраханская область,2008,23.525,region,False,oblast
Астраханская область,2009,24.453,region,False,oblast
Астраханская область,2010,22.957,region,False,oblast
Астраханская область,2011,21.256,region,False,oblast
Астраханская область,2012,17.677,region,False,oblast
Астраханская область,2013,13.39,region,False,oblast
Астраханская область,2014,13.106,region,False,oblast
Астраханская область,2015,11.761,region,False,oblast
Астраханская область,2016,10.06,region,False,oblast
Астраханская область,2017,11.933,region,False,oblast
Астраханская область,2018,15.746,region,False,oblast
Астраханская область,2019,15.125,region,False,oblast
Астраханская область,2020,15.196,region,False,oblast
Астраханская область,2021,17.008,region,False,oblast
Астраханская область,2022,23.02355,region,False,oblast
Белгородская область,2007,757.866,region,False,oblast
Белгородская область,2008,839.856,region,False,oblast
Белгородская область,2009,821.0120000000001,region,False,oblast
Белгородская область,2010,613.766,region,False,oblast
Белгородская область,2011,722.1179999999999,region,False,oblast
Белгородская область,2012,747.79,region,False,oblast
Белгородская область,2013,819.579,region,False,oblast
Белгородская область,2014,794.097,region,False,oblast
Белгородская область,2015,790.796,region,False,oblast
Белгородская область,2016,739.6759999999999,region,False,oblast
Белгородская область,2017,750.562,region,False,oblast
Белгородская область,2018,738.521,region,False,oblast
Белгородская область,2019,714.153,region,False,oblast
Белгородская область,2020,737.943,region,False,oblast
Белгородская область,2021,681.265,region,False,oblast
Белгородская область,2022,730.98659,region,False,oblast
Белгородская область,2023,651.89505,region,False,oblast
Брянская область,2007,272.983,region,False,oblast
Брянская область,2008,290.022,region,False,oblast
Брянская область,2009,314.016,region,False,oblast
Брянская область,2010,316.704,region,False,oblast
Брянская область,2011,290.489,region,False,oblast
Брянская область,2012,314.662,region,False,oblast
Брянская область,2013,331.556,region,False,oblast
Брянская область,2014,320.127,region,False,oblast
Брянская область,2015,322.538,region,False,oblast
Брянская область,2016,384.8030000000001,region,False,oblast
Брянская область,2017,392.9059999999999,region,False,oblast
Брянская область,2018,374.424,region,False,oblast
Брянская область,2019,387.03,region,False,oblast
Брянская область,2020,406.802,region,False,oblast
Брянская область,2021,407.406,region,False,oblast
Брянская область,2022,378.0186,region,False,oblast
Брянская область,2023,369.2651,region,False,oblast
Владимирская область,2007,95.80100000000002,region,False,oblast
Владимирская область,2008,106.975,region,False,oblast
Владимирская область,2009,84.26,region,False,oblast
Владимирская область,2010,83.717,region,False,oblast
Владимирская область,2011,87.419,region,False,oblast
Владимирская область,2012,84.742,region,False,oblast
Владимирская область,2013,88.093,region,False,oblast
Владимирская область,2014,81.516,region,False,oblast
Владимирская область,2015,89.92599999999999,region,False,oblast
Владимирская область,2016,93.21100000000001,region,False,oblast
Владимирская область,2017,85.362,region,False,oblast
Владимирская область,2018,78.341,region,False,oblast
Владимирская область,2019,80.295,region,False,oblast
Владимирская область,2020,82.937,region,False,oblast
Владимирская область,2021,90.861,region,False,oblast
Владимирская область,2022,91.52249,region,False,oblast
Владимирская область,2023,90.00091,region,False,oblast
Волгоградская область,2007,2129.676,region,False,oblast
Волгоградская область,2008,2149.123,region,False,oblast
Волгоградская область,2009,2052.695,region,False,oblast
Волгоградская область,2010,1619.949,region,False,oblast
Волгоградская область,2011,1631.009,region,False,oblast
Волгоградская область,2012,1963.377,region,False,oblast
Волгоградская область,2013,1899.545,region,False,oblast
Волгоградская область,2014,1950.981,region,False,oblast
Волгоградская область,2015,1922.198,region,False,oblast
Волгоградская область,2016,1925.519,region,False,oblast
Волгоградская область,2017,2156.011,region,False,oblast
Волгоградская область,2018,2215.878,region,False,oblast
Волгоградская область,2019,2162.251,region,False,oblast
Волгоградская область,2020,2083.69,region,False,oblast
Волгоградская область,2021,1831.102,region,False,oblast
Волгоградская область,2022,2197.84003,region,False,oblast
Волгоградская область,2023,2135.50973,region,False,oblast
Вологодская область,2007,125.417,region,False,oblast
Вологодская область,2008,147.323,region,False,oblast
Вологодская область,2009,132.073,region,False,oblast
Вологодская область,2010,133.714,region,False,oblast
Вологодская область,2011,131.78,region,False,oblast
Вологодская область,2012,119.339,region,False,oblast
Вологодская область,2013,108.998,region,False,oblast
Вологодская область,2014,105.773,region,False,oblast
Вологодская область,2015,116.657,region,False,oblast
Вологодская область,2016,116.41,region,False,oblast
Вологодская область,2017,111.335,region,False,oblast
Вологодская область,2018,103.807,region,False,oblast
Вологодская область,2019,103.336,region,False,oblast
Вологодская область,2020,86.441,region,False,oblast
Вологодская область,2021,91.158,region,False,oblast
Вологодская область,2022,91.16334,region,False,oblast
Вологодская область,2023,90.01716,region,False,oblast
Воронежская область,2007,1204.565,region,False,oblast
Воронежская область,2008,1356.3,region,False,oblast
Воронежская область,2009,1389.449,region,False,oblast
Воронежская область,2010,1083.957,region,False,oblast
Воронежская область,2011,1310.443,region,False,oblast
Воронежская область,2012,1383.113,region,False,oblast
Воронежская область,2013,1455.376,region,False,oblast
Воронежская область,2014,1420.103,region,False,oblast
Воронежская область,2015,1448.048,region,False,oblast
Воронежская область,2016,1436.764,region,False,oblast
Воронежская область,2017,1486.684,region,False,oblast
Воронежская область,2018,1464.873,region,False,oblast
Воронежская область,2019,1508.162,region,False,oblast
Воронежская область,2020,1584.411,region,False,oblast
Воронежская область,2021,1401.451,region,False,oblast
Воронежская область,2022,1619.73901,region,False,oblast
Воронежская область,2023,1466.43305,region,False,oblast
Еврейская автономная область,2007,23.033,region,False,oblast
Еврейская автономная область,2008,23.36500000000001,region,False,oblast
Еврейская автономная область,2009,23.915,region,False,oblast
Еврейская автономная область,2010,14.587,region,False,oblast
Еврейская автономная область,2011,18.134,region,False,oblast
Еврейская автономная область,2012,17.084,region,False,oblast
Еврейская автономная область,2013,9.315,region,False,oblast
Еврейская автономная область,2014,9.943,region,False,oblast
Еврейская автономная область,2015,7.114999999999999,region,False,oblast
Еврейская автономная область,2016,7.306,region,False,oblast
Еврейская автономная область,2017,7.056999999999999,region,False,oblast
Еврейская автономная область,2018,5.654,region,False,oblast
Еврейская автономная область,2019,6.039,region,False,oblast
Еврейская автономная область,2020,5.23,region,False,oblast
Еврейская автономная область,2021,4.872,region,False,oblast
Еврейская автономная область,2022,5.7003,region,False,oblast
Еврейская автономная область,2023,6.9409,region,False,oblast
Забайкальский край,2007,193.746,region,False,krai
Забайкальский край,2008,178.414,region,False,krai
Забайкальский край,2009,180.853,region,False,krai
Забайкальский край,2010,152.38,region,False,krai
Забайкальский край,2011,155.766,region,False,krai
Забайкальский край,2012,143.236,region,False,krai
Забайкальский край,2013,142.511,region,False,krai
Забайкальский край,2014,144.053,region,False,krai
Забайкальский край,2015,140.472,region,False,krai
Забайкальский край,2016,132.59,region,False,krai
Забайкальский край,2017,126.083,region,False,krai
Забайкальский край,2018,122.783,region,False,krai
Забайкальский край,2019,119.701,region,False,krai
Забайкальский край,2020,112.022,region,False,krai
Забайкальский край,2021,115.299,region,False,krai
Забайкальский край,2022,122.79699,region,False,krai
Забайкальский край,2023,117.1791,region,False,krai
Ивановская область,2007,66.568,region,False,oblast
Ивановская область,2008,72.692,region,False,oblast
Ивановская область,2009,68.367,region,False,oblast
Ивановская область,2010,67.542,region,False,oblast
Ивановская область,2011,64.92699999999999,region,False,oblast
Ивановская область,2012,63.465,region,False,oblast
Ивановская область,2013,64.616,region,False,oblast
Ивановская область,2014,62.16199999999999,region,False,oblast
Ивановская область,2015,64.133,region,False,oblast
Ивановская область,2016,66.07300000000001,region,False,oblast
Ивановская область,2017,64.341,region,False,oblast
Ивановская область,2018,62.028,region,False,oblast
Ивановская область,2019,60.633,region,False,oblast
Ивановская область,2020,62.212,region,False,oblast
Ивановская область,2021,63.908,region,False,oblast
Ивановская область,2022,68.4221,region,False,oblast
Ивановская область,2023,67.50999,region,False,oblast
Иркутская область,2007,409.372,region,False,oblast
Иркутская область,2008,421.136,region,False,oblast
Иркутская область,2009,410.812,region,False,oblast
Иркутская область,2010,357.925,region,False,oblast
Иркутская область,2011,377.462,region,False,oblast
Иркутская область,2012,391.173,region,False,oblast
Иркутская область,2013,398.528,region,False,oblast
Иркутская область,2014,406.637,region,False,oblast
Иркутская область,2015,409.359,region,False,oblast
Иркутская область,2016,405.5719999999999,region,False,oblast
Иркутская область,2017,427.09,region,False,oblast
Иркутская область,2018,437.382,region,False,oblast
Иркутская область,2019,432.134,region,False,oblast
Иркутская область,2020,417.816,region,False,oblast
Иркутская область,2021,410.351,region,False,oblast
Иркутская область,2022,405.9151,region,False,oblast
Иркутская область,2023,392.4481,region,False,oblast
Кабардино-Балкарская Республика,2007,180.88,region,False,republic
Кабардино-Балкарская Республика,2008,196.122,region,False,republic
Кабардино-Балкарская Республика,2009,191.041,region,False,republic
Кабардино-Балкарская Республика,2010,175.358,region,False,republic
Кабардино-Балкарская Республика,2011,182.404,region,False,republic
Кабардино-Балкарская Республика,2012,194.586,region,False,republic
Кабардино-Балкарская Республика,2013,207.736,region,False,republic
Кабардино-Балкарская Республика,2014,207.161,region,False,republic
Кабардино-Балкарская Республика,2015,207.817,region,False,republic
Кабардино-Балкарская Республика,2016,207.673,region,False,republic
Кабардино-Балкарская Республика,2017,210.677,region,False,republic
Кабардино-Балкарская Республика,2018,209.11,region,False,republic
Кабардино-Балкарская Республика,2019,212.093,region,False,republic
Кабардино-Балкарская Республика,2020,218.021,region,False,republic
Кабардино-Балкарская Республика,2021,222.787,region,False,republic
Кабардино-Балкарская Республика,2022,215.62731,region,False,republic
Кабардино-Балкарская Республика,2023,230.7104,region,False,republic
Калининградская область,2007,72.532,region,False,oblast
Калининградская область,2008,65.935,region,False,oblast
Калининградская область,2009,72.94900000000001,region,False,oblast
Калининградская область,2010,63.97,region,False,oblast
Калининградская область,2011,63.53799999999999,region,False,oblast
Калининградская область,2012,73.41,region,False,oblast
Калининградская область,2013,89.921,region,False,oblast
Калининградская область,2014,112.663,region,False,oblast
Калининградская область,2015,132.614,region,False,oblast
Калининградская область,2016,133.803,region,False,oblast
Калининградская область,2017,125.451,region,False,oblast
Калининградская область,2018,104.249,region,False,oblast
Калининградская область,2019,131.408,region,False,oblast
Калининградская область,2020,137.284,region,False,oblast
Калининградская область,2021,149.167,region,False,oblast
Калининградская область,2022,135.98444,region,False,oblast
Калининградская область,2023,129.22139,region,False,oblast
Калужская область,2007,77.41,region,False,oblast
Калужская область,2008,97.766,region,False,oblast
Калужская область,2009,93.349,region,False,oblast
Калужская область,2010,75.40499999999999,region,False,oblast
Калужская область,2011,79.367,region,False,oblast
Калужская область,2012,79.746,region,False,oblast
Калужская область,2013,70.078,region,False,oblast
Калужская область,2014,68.84200000000001,region,False,oblast
Калужская область,2015,83.977,region,False,oblast
Калужская область,2016,82.44099999999999,region,False,oblast
Калужская область,2017,91.752,region,False,oblast
Калужская область,2018,77.092,region,False,oblast
Калужская область,2019,84.033,region,False,oblast
Калужская область,2020,99.319,region,False,oblast
Калужская область,2021,89.558,region,False,oblast
Калужская область,2022,93.80355,region,False,oblast
Калужская область,2023,83.24171,region,False,oblast
Камчатский край,2007,0.34,region,False,krai
Камчатский край,2008,0.334,region,False,krai
Камчатский край,2009,0.221,region,False,krai
Камчатский край,2010,0.26,region,False,krai
Камчатский край,2011,0.174,region,False,krai
Камчатский край,2012,0.054,region,False,krai
Камчатский край,2013,0.064,region,False,krai
Камчатский край,2014,0.136,region,False,krai
Камчатский край,2015,0.123,region,False,krai
Камчатский край,2016,0.115,region,False,krai
Камчатский край,2017,0.142,region,False,krai
Камчатский край,2018,0.049,region,False,krai
Камчатский край,2019,0.053,region,False,krai
Камчатский край,2020,0.015,region,False,krai
Камчатский край,2021,0.015,region,False,krai
Камчатский край,2022,0.135,region,False,krai
Камчатский край,2023,0.5233,region,False,krai
Карачаево-Черкесская Республика,2007,66.806,region,False,republic
Карачаево-Черкесская Республика,2008,65.477,region,False,republic
Карачаево-Черкесская Республика,2009,78.44699999999999,region,False,republic
Карачаево-Черкесская Республика,2010,58.953,region,False,republic
Карачаево-Черкесская Республика,2011,76.123,region,False,republic
Карачаево-Черкесская Республика,2012,75.203,region,False,republic
Карачаево-Черкесская Республика,2013,81.57600000000001,region,False,republic
Карачаево-Черкесская Республика,2014,84.60600000000001,region,False,republic
Карачаево-Черкесская Республика,2015,93.73799999999999,region,False,republic
Карачаево-Черкесская Республика,2016,101.92,region,False,republic
Карачаево-Черкесская Республика,2017,96.341,region,False,republic
Карачаево-Черкесская Республика,2018,106.845,region,False,republic
Карачаево-Черкесская Республика,2019,100.397,region,False,republic
Карачаево-Черкесская Республика,2020,104.202,region,False,republic
Карачаево-Черкесская Республика,2021,90.567,region,False,republic
Карачаево-Черкесская Республика,2022,81.39785,region,False,republic
Карачаево-Черкесская Республика,2023,95.71887,region,False,republic
Кемеровская область,2007,744.6279999999999,region,False,oblast
Кемеровская область,2008,755.141,region,False,oblast
Кемеровская область,2009,749.8349999999999,region,False,oblast
Кемеровская область,2010,679.6249999999999,region,False,oblast
Кемеровская область,2011,672.4359999999999,region,False,oblast
Кемеровская область,2012,653.188,region,False,oblast
Кемеровская область,2013,621.485,region,False,oblast
Кемеровская область,2014,588.891,region,False,oblast
Кемеровская область,2015,599.361,region,False,oblast
Кемеровская область,2016,598.081,region,False,oblast
Кемеровская область,2017,598.569,region,False,oblast
Кемеровская область,2018,536.124,region,False,oblast
Кемеровская область,2019,551.701,region,False,oblast
Кемеровская область,2020,575.971,region,False,oblast
Кемеровская область,2021,609.684,region,False,oblast
Кемеровская область - Кузбасс,2022,625.70082,region,False,oblast
Кемеровская область - Кузбасс,2023,635.26973,region,False,oblast
Кировская область,2007,398.455,region,False,oblast
Кировская область,2008,396.189,region,False,oblast
Кировская область,2009,367.708,region,False,oblast
Кировская область,2010,327.442,region,False,oblast
Кировская область,2011,349.283,region,False,oblast
Кировская область,2012,324.277,region,False,oblast
Кировская область,2013,320.758,region,False,oblast
Кировская область,2014,319.844,region,False,oblast
Кировская область,2015,312.043,region,False,oblast
Кировская область,2016,313.731,region,False,oblast
Кировская область,2017,310.047,region,False,oblast
Кировская область,2018,298.863,region,False,oblast
Кировская область,2019,291.834,region,False,oblast
Кировская область,2020,306.943,region,False,oblast
Кировская область,2021,315.303,region,False,oblast
Кировская область,2022,317.58093,region,False,oblast
Кировская область,2023,315.26108,region,False,oblast
Костромская область,2007,72.816,region,False,oblast
Костромская область,2008,74.92399999999999,region,False,oblast
Костромская область,2009,63.417,region,False,oblast
Костромская область,2010,51.874,region,False,oblast
Костромская область,2011,47.93000000000001,region,False,oblast
Костромская область,2012,45.15,region,False,oblast
Костромская область,2013,42.87500000000001,region,False,oblast
Костромская область,2014,41.073,region,False,oblast
Костромская область,2015,38.928,region,False,oblast
Костромская область,2016,39.286,region,False,oblast
Костромская область,2017,36.039,region,False,oblast
Костромская область,2018,31.523,region,False,oblast
Костромская область,2019,31.464,region,False,oblast
Костромская область,2020,28.309,region,False,oblast
Костромская область,2021,28.987,region,False,oblast
Костромская область,2022,26.9164,region,False,oblast
Костромская область,2023,25.5816,region,False,oblast
Краснодарский край,2007,2114.962,region,False,krai
Краснодарский край,2008,2239.813,region,False,krai
Краснодарский край,2009,2192.98,region,False,krai
Краснодарский край,2010,2152.927,region,False,krai
Краснодарский край,2011,2173.546,region,False,krai
Краснодарский край,2012,2161.273,region,False,krai
Краснодарский край,2013,2384.3,region,False,krai
Краснодарский край,2014,2404.654,region,False,krai
Краснодарский край,2015,2444.265,region,False,krai
Краснодарский край,2016,2470.278,region,False,krai
Краснодарский край,2017,2455.912,region,False,krai
Краснодарский край,2018,2424.697,region,False,krai
Краснодарский край,2019,2464.312,region,False,krai
Краснодарский край,2020,2532.408,region,False,krai
Краснодарский край,2021,2587.705,region,False,krai
Краснодарский край,2022,2440.07944,region,False,krai
Краснодарский край,2023,2518.27761,region,False,krai
Красноярский край,2007,921.197,region,False,krai
Красноярский край,2008,970.7640000000001,region,False,krai
Красноярский край,2009,1015.491,region,False,krai
Красноярский край,2010,978.234,region,False,krai
Красноярский край,2011,999.228,region,False,krai
Красноярский край,2012,1003.544,region,False,krai
Красноярский край,2013,1035.856,region,False,krai
Красноярский край,2014,1042.36,region,False,krai
Красноярский край,2015,1045.923,region,False,krai
Красноярский край,2016,1056.135,region,False,krai
Красноярский край,2017,1048.303,region,False,krai
Красноярский край,2018,951.228,region,False,krai
Красноярский край,2019,914.522,region,False,krai
Красноярский край,2020,932.996,region,False,krai
Красноярский край,2021,930.28,region,False,krai
Красноярский край,2022,955.24056,region,False,krai
Красноярский край,2023,938.05358,region,False,krai
Курганская область,2007,1026.896,region,False,oblast
Курганская область,2008,1091.016,region,False,oblast
Курганская область,2009,1186.786,region,False,oblast
Курганская область,2010,1109.918,region,False,oblast
Курганская область,2011,1136.007,region,False,oblast
Курганская область,2012,1145.16,region,False,oblast
Курганская область,2013,1146.669,region,False,oblast
Курганская область,2014,1134.638,region,False,oblast
Курганская область,2015,1070.608,region,False,oblast
Курганская область,2016,1100.424,region,False,oblast
Курганская область,2017,1107.936,region,False,oblast
Курганская область,2018,1041.601,region,False,oblast
Курганская область,2019,1061.086,region,False,oblast
Курганская область,2020,1091.769,region,False,oblast
Курганская область,2021,1042.779,region,False,oblast
Курганская область,2022,994.397,region,False,oblast
Курганская область,2023,1064.60227,region,False,oblast
Курская область,2007,840.227,region,False,oblast
Курская область,2008,979.434,region,False,oblast
Курская область,2009,1002.114,region,False,oblast
Курская область,2010,895.241,region,False,oblast
Курская область,2011,960.313,region,False,oblast
Курская область,2012,950.9279999999999,region,False,oblast
Курская область,2013,1009.3,region,False,oblast
Курская область,2014,982.3839999999999,region,False,oblast
Курская область,2015,1066.015,region,False,oblast
Курская область,2016,1056.874,region,False,oblast
Курская область,2017,1023.434,region,False,oblast
Курская область,2018,969.128,region,False,oblast
Курская область,2019,967.613,region,False,oblast
Курская область,2020,1041.14,region,False,oblast
Курская область,2021,1002.638,region,False,oblast
Курская область,2022,992.35588,region,False,oblast
Курская область,2023,958.555,region,False,oblast
Ленинградская область,2007,29.053,region,False,oblast
Ленинградская область,2008,34.003,region,False,oblast
Ленинградская область,2009,36.462,region,False,oblast
Ленинградская область,2010,31.556,region,False,oblast
Ленинградская область,2011,37.131,region,False,oblast
Ленинградская область,2012,34.871,region,False,oblast
Ленинградская область,2013,35.343,region,False,oblast
Ленинградская область,2014,38.565,region,False,oblast
Ленинградская область,2015,41.821,region,False,oblast
Ленинградская область,2016,46.741,region,False,oblast
Ленинградская область,2017,41.787,region,False,oblast
Ленинградская область,2018,38.453,region,False,oblast
Ленинградская область,2019,39.388,region,False,oblast
Ленинградская область,2020,41.433,region,False,oblast
Ленинградская область,2021,42.617,region,False,oblast
Ленинградская область,2022,45.53666,region,False,oblast
Ленинградская область,2023,44.43431,region,False,oblast
Липецкая область,2007,722.0310000000001,region,False,oblast
Липецкая область,2008,797.595,region,False,oblast
Липецкая область,2009,809.267,region,False,oblast
Липецкая область,2010,760.074,region,False,oblast
Липецкая область,2011,790.974,region,False,oblast
Липецкая область,2012,756.571,region,False,oblast
Липецкая область,2013,781.631,region,False,oblast
Липецкая область,2014,762.188,region,False,oblast
Липецкая область,2015,806.906,region,False,oblast
Липецкая область,2016,820.7429999999999,region,False,oblast
Липецкая область,2017,781.641,region,False,oblast
Липецкая область,2018,754.141,region,False,oblast
Липецкая область,2019,796.567,region,False,oblast
Липецкая область,2020,839.475,region,False,oblast
Липецкая область,2021,821.155,region,False,oblast
Липецкая область,2022,834.62463,region,False,oblast
Липецкая область,2023,794.66834,region,False,oblast
Московская область,2007,85.793,region,False,oblast
Московская область,2008,94.809,region,False,oblast
Московская область,2009,84.27600000000001,region,False,oblast
Московская область,2010,85.41000000000001,region,False,oblast
Московская область,2011,94.405,region,False,oblast
Московская область,2012,94.574,region,False,oblast
Московская область,2013,98.419,region,False,oblast
Московская область,2014,103.288,region,False,oblast
Московская область,2015,133.618,region,False,oblast
Московская область,2016,144.76,region,False,oblast
Московская область,2017,148.186,region,False,oblast
Московская область,2018,137.077,region,False,oblast
Московская область,2019,147.939,region,False,oblast
Московская область,2020,165.096,region,False,oblast
Московская область,2021,163.583,region,False,oblast
Московская область,2022,174.20902,region,False,oblast
Московская область,2023,189.04945,region,False,oblast
Нижегородская область,2007,581.836,region,False,oblast
Нижегородская область,2008,597.282,region,False,oblast
Нижегородская область,2009,592.441,region,False,oblast
Нижегородская область,2010,562.407,region,False,oblast
Нижегородская область,2011,612.13,region,False,oblast
Нижегородская область,2012,535.273,region,False,oblast
Нижегородская область,2013,544.16,region,False,oblast
Нижегородская область,2014,528.6020000000001,region,False,oblast
Нижегородская область,2015,561.668,region,False,oblast
Нижегородская область,2016,583.485,region,False,oblast
Нижегородская область,2017,559.359,region,False,oblast
Нижегородская область,2018,545.164,region,False,oblast
Нижегородская область,2019,550.974,region,False,oblast
Нижегородская область,2020,578.584,region,False,oblast
Нижегородская область,2021,594.435,region,False,oblast
Нижегородская область,2022,633.9253,region,False,oblast
Нижегородская область,2023,646.11461,region,False,oblast
Новгородская область,2007,6.702999999999999,region,False,oblast
Новгородская область,2008,9.268999999999998,region,False,oblast
Новгородская область,2009,11.298,region,False,oblast
Новгородская область,2010,11.691,region,False,oblast
Новгородская область,2011,13.038,region,False,oblast
Новгородская область,2012,12.518,region,False,oblast
Новгородская область,2013,12.794,region,False,oblast
Новгородская область,2014,14.536,region,False,oblast
Новгородская область,2015,16.662,region,False,oblast
Новгородская область,2016,21.184,region,False,oblast
Новгородская область,2017,12.475,region,False,oblast
Новгородская область,2018,9.907,region,False,oblast
Новгородская область,2019,15.249,region,False,oblast
Новгородская область,2020,12.064,region,False,oblast
Новгородская область,2021,13.375,region,False,oblast
Новгородская область,2022,9.092,region,False,oblast
Новгородская область,2023,12.0815,region,False,oblast
Новосибирская область,2007,1591.172,region,False,oblast
Новосибирская область,2008,1656.645,region,False,oblast
Новосибирская область,2009,1713.713,region,False,oblast
Новосибирская область,2010,1561.302,region,False,oblast
Новосибирская область,2011,1658.002,region,False,oblast
Новосибирская область,2012,1626.944,region,False,oblast
Новосибирская область,2013,1563.687,region,False,oblast
Новосибирская область,2014,1548.203,region,False,oblast
Новосибирская область,2015,1517.978,region,False,oblast
Новосибирская область,2016,1556.134,region,False,oblast
Новосибирская область,2017,1605.389,region,False,oblast
Новосибирская область,2018,1403.339,region,False,oblast
Новосибирская область,2019,1416.042,region,False,oblast
Новосибирская область,2020,1482.759,region,False,oblast
Новосибирская область,2021,1505.046,region,False,oblast
Новосибирская область,2022,1535.09818,region,False,oblast
Новосибирская область,2023,1569.3734,region,False,oblast
Омская область,2007,2027.401,region,False,oblast
Омская область,2008,2036.781,region,False,oblast
Омская область,2009,2121.187,region,False,oblast
Омская область,2010,1893.513,region,False,oblast
Омская область,2011,1955.186,region,False,oblast
Омская область,2012,2031.29,region,False,oblast
Омская область,2013,2103.999,region,False,oblast
Омская область,2014,2147.108,region,False,oblast
Омская область,2015,2145.983,region,False,oblast
Омская область,2016,2170.989,region,False,oblast
Омская область,2017,2141.162,region,False,oblast
Омская область,2018,1950.782,region,False,oblast
Омская область,2019,1945.069,region,False,oblast
Омская область,2020,2028.404,region,False,oblast
Омская область,2021,1997.703,region,False,oblast
Омская область,2022,2009.64906,region,False,oblast
Омская область,2023,2127.723,region,False,oblast
Оренбургская область,2007,2746.664,region,False,oblast
Оренбургская область,2008,2936.543,region,False,oblast
Оренбургская область,2009,3040.911000000001,region,False,oblast
Оренбургская область,2010,2808.034,region,False,oblast
Оренбургская область,2011,2628.131,region,False,oblast
Оренбургская область,2012,2790.373,region,False,oblast
Оренбургская область,2013,2888.495,region,False,oblast
Оренбургская область,2014,2966.776,region,False,oblast
Оренбургская область,2015,2742.43,region,False,oblast
Оренбургская область,2016,2721.076,region,False,oblast
Оренбургская область,2017,2692.059,region,False,oblast
Оренбургская область,2018,2706.042,region,False,oblast
Оренбургская область,2019,2629.084,region,False,oblast
Оренбургская область,2020,2754.376,region,False,oblast
Оренбургская область,2021,2592.485,region,False,oblast
Оренбургская область,2022,2385.0761,region,False,oblast
Оренбургская область,2023,2639.73643,region,False,oblast
Орловская область,2007,629.221,region,False,oblast
Орловская область,2008,746.478,region,False,oblast
Орловская область,2009,795.535,region,False,oblast
Орловская область,2010,780.952,region,False,oblast
Орловская область,2011,763.5100000000001,region,False,oblast
Орловская область,2012,773.063,region,False,oblast
Орловская область,2013,804.038,region,False,oblast
Орловская область,2014,789.497,region,False,oblast
Орловская область,2015,892.572,region,False,oblast
Орловская область,2016,941.082,region,False,oblast
Орловская область,2017,885.9780000000001,region,False,oblast
Орловская область,2018,879.562,region,False,oblast
Орловская область,2019,894.591,region,False,oblast
Орловская область,2020,948.954,region,False,oblast
Орловская область,2021,896.642,region,False,oblast
Орловская область,2022,845.95481,region,False,oblast
Орловская область,2023,840.26799,region,False,oblast
Пензенская область,2007,727.8340000000001,region,False,oblast
Пензенская область,2008,788.4889999999999,region,False,oblast
Пензенская область,2009,771.0390000000001,region,False,oblast
Пензенская область,2010,639.9509999999999,region,False,oblast
Пензенская область,2011,570.562,region,False,oblast
Пензенская область,2012,596.838,region,False,oblast
Пензенская область,2013,622.148,region,False,oblast
Пензенская область,2014,549.3729999999999,region,False,oblast
Пензенская область,2015,698.22,region,False,oblast
Пензенская область,2016,714.47,region,False,oblast
Пензенская область,2017,721.382,region,False,oblast
Пензенская область,2018,717.557,region,False,oblast
Пензенская область,2019,800.352,region,False,oblast
Пензенская область,2020,850.495,region,False,oblast
Пензенская область,2021,853.573,region,False,oblast
Пензенская область,2022,857.39388,region,False,oblast
Пензенская область,2023,842.56195,region,False,oblast
Пермский край,2007,350.898,region,False,krai
Пермский край,2008,344.153,region,False,krai
Пермский край,2009,305.973,region,False,krai
Пермский край,2010,285.36,region,False,krai
Пермский край,2011,282.138,region,False,krai
Пермский край,2012,254.269,region,False,krai
Пермский край,2013,268.308,region,False,krai
Пермский край,2014,244.013,region,False,krai
Пермский край,2015,248.47,region,False,krai
Пермский край,2016,247.486,region,False,krai
Пермский край,2017,250.4,region,False,krai
Пермский край,2018,236.869,region,False,krai
Пермский край,2019,230.991,region,False,krai
Пермский край,2020,231.118,region,False,krai
Пермский край,2021,238.899,region,False,krai
Пермский край,2022,230.9426,region,False,krai
Пермский край,2023,217.61294,region,False,krai
Приморский край,2007,103.618,region,False,krai
Приморский край,2008,109.447,region,False,krai
Приморский край,2009,116.412,region,False,krai
Приморский край,2010,79.83500000000001,region,False,krai
Приморский край,2011,102.876,region,False,krai
Приморский край,2012,118.045,region,False,krai
Приморский край,2013,106.026,region,False,krai
Приморский край,2014,112.526,region,False,krai
Приморский край,2015,100.86,region,False,krai
Приморский край,2016,105.666,region,False,krai
Приморский край,2017,101.119,region,False,krai
Приморский край,2018,98.215,region,False,krai
Приморский край,2019,103.453,region,False,krai
Приморский край,2020,113.264,region,False,krai
Приморский край,2021,116.345,region,False,krai
Приморский край,2022,122.85727,region,False,krai
Приморский край,2023,126.37943,region,False,krai
Псковская область,2007,19.956,region,False,oblast
Псковская область,2008,24.1,region,False,oblast
Псковская область,2009,23.272,region,False,oblast
Псковская область,2010,17.666,region,False,oblast
Псковская область,2011,21.017,region,False,oblast
Псковская область,2012,24.742,region,False,oblast
Псковская область,2013,27.243,region,False,oblast
Псковская область,2014,39.005,region,False,oblast
Псковская область,2015,43.31,region,False,oblast
Псковская область,2016,45.732,region,False,oblast
Псковская область,2017,44.654,region,False,oblast
Псковская область,2018,28.205,region,False,oblast
Псковская область,2019,38.794,region,False,oblast
Псковская область,2020,42.775,region,False,oblast
Псковская область,2021,49.616,region,False,oblast
Псковская область,2022,50.4077,region,False,oblast
Псковская область,2023,43.06143,region,False,oblast
Республика Адыгея,2007,102.714,region,False,republic
Республика Адыгея,2008,118.625,region,False,republic
Республика Адыгея,2009,122.504,region,False,republic
Республика Адыгея,2010,114.212,region,False,republic
Республика Адыгея,2011,110.212,region,False,republic
Республика Адыгея,2012,109.927,region,False,republic
Республика Адыгея,2013,130.379,region,False,republic
Республика Адыгея,2014,134.634,region,False,republic
Республика Адыгея,2015,143.403,region,False,republic
Республика Адыгея,2016,151.462,region,False,republic
Республика Адыгея,2017,143.301,region,False,republic
Республика Адыгея,2018,147.245,region,False,republic
Республика Адыгея,2019,145.858,region,False,republic
Республика Адыгея,2020,143.6,region,False,republic
Республика Адыгея,2021,141.543,region,False,republic
Республика Адыгея (Адыгея),2022,123.96231,region,False,republic
Республика Адыгея (Адыгея),2023,130.22268,region,False,republic
Республика Алтай,2007,16.08,region,False,republic
Республика Алтай,2008,14.966,region,False,republic
Республика Алтай,2009,12.327,region,False,republic
Республика Алтай,2010,9.19,region,False,republic
Республика Алтай,2011,8.543,region,False,republic
Республика Алтай,2012,8.591000000000001,region,False,republic
Республика Алтай,2013,7.618,region,False,republic
Республика Алтай,2014,6.872,region,False,republic
Республика Алтай,2015,6.473000000000001,region,False,republic
Республика Алтай,2016,6.483000000000001,region,False,republic
Республика Алтай,2017,6.52,region,False,republic
Республика Алтай,2018,6.31,region,False,republic
Республика Алтай,2019,6.593,region,False,republic
Республика Алтай,2020,7.469,region,False,republic
Республика Алтай,2021,6.654,region,False,republic
Республика Алтай,2022,7.39325,region,False,republic
Республика Алтай,2023,6.32126,region,False,republic
Республика Башкортостан,2007,1651.696,region,False,republic
Республика Башкортостан,2008,1719.818,region,False,republic
Республика Башкортостан,2009,1892.619,region,False,republic
Республика Башкортостан,2010,1760.711,region,False,republic
Республика Башкортостан,2011,1589.887,region,False,republic
Республика Башкортостан,2012,1695.366,region,False,republic
Республика Башкортостан,2013,1740.509,region,False,republic
Республика Башкортостан,2014,1750.871,region,False,republic
Республика Башкортостан,2015,1757.084,region,False,republic
Республика Башкортостан,2016,1810.701,region,False,republic
Республика Башкортостан,2017,1785.706,region,False,republic
Республика Башкортостан,2018,1749.958,region,False,republic
Республика Башкортостан,2019,1670.489,region,False,republic
Республика Башкортостан,2020,1782.49,region,False,republic
Республика Башкортостан,2021,1716.729,region,False,republic
Республика Башкортостан,2022,1759.272,region,False,republic
Республика Башкортостан,2023,1749.2921,region,False,republic
Республика Бурятия,2007,107.665,region,False,republic
Республика Бурятия,2008,86.141,region,False,republic
Республика Бурятия,2009,102.922,region,False,republic
Республика Бурятия,2010,107.017,region,False,republic
Республика Бурятия,2011,108.263,region,False,republic
Республика Бурятия,2012,100.91,region,False,republic
Республика Бурятия,2013,92.689,region,False,republic
Республика Бурятия,2014,89.373,region,False,republic
Республика Бурятия,2015,85.69800000000001,region,False,republic
Республика Бурятия,2016,75.681,region,False,republic
Республика Бурятия,2017,71.69999999999999,region,False,republic
Республика Бурятия,2018,61.316,region,False,republic
Республика Бурятия,2019,62.246,region,False,republic
Республика Бурятия,2020,61.351,region,False,republic
Республика Бурятия,2021,66.058,region,False,republic
Республика Бурятия,2022,67.77884,region,False,republic
Республика Бурятия,2023,69.32281,region,False,republic
Республика Дагестан,2007,97.00399999999999,region,False,republic
Республика Дагестан,2008,115.736,region,False,republic
Республика Дагестан,2009,106.367,region,False,republic
Республика Дагестан,2010,104.614,region,False,republic
Республика Дагестан,2011,111.89,region,False,republic
Республика Дагестан,2012,85.762,region,False,republic
Республика Дагестан,2013,118.926,region,False,republic
Республика Дагестан,2014,130.519,region,False,republic
Республика Дагестан,2015,134.166,region,False,republic
Республика Дагестан,2016,140.639,region,False,republic
Республика Дагестан,2017,148.676,region,False,republic
Республика Дагестан,2018,143.159,region,False,republic
Республика Дагестан,2019,149.685,region,False,republic
Республика Дагестан,2020,157.533,region,False,republic
Республика Дагестан,2021,165.188,region,False,republic
Республика Дагестан,2022,167.5966,region,False,republic
Республика Дагестан,2023,168.6418,region,False,republic
Республика Ингушетия,2007,33.47,region,False,republic
Республика Ингушетия,2008,37.921,region,False,republic
Республика Ингушетия,2009,39.367,region,False,republic
Республика Ингушетия,2010,39.084,region,False,republic
Республика Ингушетия,2011,45.69,region,False,republic
Республика Ингушетия,2012,38.689,region,False,republic
Республика Ингушетия,2013,44.143,region,False,republic
Республика Ингушетия,2014,46.822,region,False,republic
Республика Ингушетия,2015,47.97199999999999,region,False,republic
Республика Ингушетия,2016,44.946,region,False,republic
Республика Ингушетия,2017,44.017,region,False,republic
Республика Ингушетия,2018,43.541,region,False,republic
Республика Ингушетия,2019,49.08,region,False,republic
Республика Ингушетия,2020,52.968,region,False,republic
Республика Ингушетия,2021,48.39,region,False,republic
Республика Ингушетия,2022,40.0791,region,False,republic
Республика Ингушетия,2023,48.9636,region,False,republic
Республика Калмыкия,2007,242.778,region,False,republic
Республика Калмыкия,2008,225.536,region,False,republic
Республика Калмыкия,2009,277.839,region,False,republic
Республика Калмыкия,2010,218.17,region,False,republic
Республика Калмыкия,2011,198.051,region,False,republic
Республика Калмыкия,2012,182.844,region,False,republic
Республика Калмыкия,2013,221.045,region,False,republic
Республика Калмыкия,2014,193.886,region,False,republic
Республика Калмыкия,2015,217.551,region,False,republic
Республика Калмыкия,2016,206.654,region,False,republic
Республика Калмыкия,2017,242.274,region,False,republic
Республика Калмыкия,2018,248.814,region,False,republic
Республика Калмыкия,2019,285.558,region,False,republic
Республика Калмыкия,2020,276.759,region,False,republic
Республика Калмыкия,2021,267.641,region,False,republic
Республика Калмыкия,2022,290.59282,region,False,republic
Республика Калмыкия,2023,297.35067,region,False,republic
Республика Карелия,2007,0.633,region,False,republic
Республика Карелия,2008,0.263,region,False,republic
Республика Карелия,2009,0.162,region,False,republic
Республика Карелия,2010,0.149,region,False,republic
Республика Карелия,2011,0.101,region,False,republic
Республика Карелия,2012,0.064,region,False,republic
Республика Карелия,2013,0.058,region,False,republic
Республика Карелия,2014,0.05400000000000001,region,False,republic
Республика Карелия,2015,0.003,region,False,republic
Республика Карелия,2016,0.0,region,False,republic
Республика Карелия,2017,0.002,region,False,republic
Республика Карелия,2018,999999999.0,region,False,republic
Республика Карелия,2023,0.008,region,False,republic
Республика Коми,2007,0.518,region,False,republic
Республика Коми,2008,0.537,region,False,republic
Республика Коми,2009,0.023,region,False,republic
Республика Коми,2010,0.019,region,False,republic
Республика Коми,2011,0.018,region,False,republic
Республика Коми,2012,0.012,region,False,republic
Республика Коми,2013,0.014,region,False,republic
Республика Коми,2014,0.01,region,False,republic
Республика Коми,2015,0.022,region,False,republic
Республика Коми,2016,0.008,region,False,republic
Республика Коми,2017,0.008,region,False,republic
Республика Коми,2018,999999999.0,region,False,republic
Республика Коми,2019,999999999.0,region,False,republic
Республика Коми,2020,999999999.0,region,False,republic
Республика Коми,2021,999999999.0,region,False,republic
Республика Крым,2007,0.0,region,False,republic
Республика Крым,2008,0.0,region,False,republic
Республика Крым,2009,0.0,region,False,republic
Республика Крым,2010,0.0,region,False,republic
Республика Крым,2011,0.0,region,False,republic
Республика Крым,2012,0.0,region,False,republic
Республика Крым,2013,0.0,region,False,republic
Республика Крым,2014,448.897,region,False,republic
Республика Крым,2015,468.333,region,False,republic
Республика Крым,2016,447.1270000000001,region,False,republic
Республика Крым,2017,481.6250000000001,region,False,republic
Республика Крым,2018,529.432,region,False,republic
Республика Крым,2019,559.75,region,False,republic
Республика Крым,2020,571.901,region,False,republic
Республика Крым,2021,576.403,region,False,republic
Республика Крым,2022,533.89652,region,False,republic
Республика Крым,2023,585.56302,region,False,republic
Республика Марий Эл,2007,171.09,region,False,republic
Республика Марий Эл,2008,176.426,region,False,republic
Республика Марий Эл,2009,158.78,region,False,republic
Республика Марий Эл,2010,140.891,region,False,republic
Республика Марий Эл,2011,156.197,region,False,republic
Республика Марий Эл,2012,145.102,region,False,republic
Республика Марий Эл,2013,144.784,region,False,republic
Республика Марий Эл,2014,143.685,region,False,republic
Республика Марий Эл,2015,134.71,region,False,republic
Республика Марий Эл,2016,135.474,region,False,republic
Республика Марий Эл,2017,139.927,region,False,republic
Республика Марий Эл,2018,122.499,region,False,republic
Республика Марий Эл,2019,122.058,region,False,republic
Республика Марий Эл,2020,134.803,region,False,republic
Республика Марий Эл,2021,142.802,region,False,republic
Республика Марий Эл,2022,149.862,region,False,republic
Республика Марий Эл,2023,148.053,region,False,republic
Республика Мордовия,2007,417.06,region,False,republic
Республика Мордовия,2008,426.7550000000001,region,False,republic
Республика Мордовия,2009,442.804,region,False,republic
Республика Мордовия,2010,430.567,region,False,republic
Республика Мордовия,2011,444.522,region,False,republic
Республика Мордовия,2012,426.346,region,False,republic
Республика Мордовия,2013,446.642,region,False,republic
Республика Мордовия,2014,432.49,region,False,republic
Республика Мордовия,2015,447.517,region,False,republic
Республика Мордовия,2016,442.918,region,False,republic
Республика Мордовия,2017,448.425,region,False,republic
Республика Мордовия,2018,436.585,region,False,republic
Республика Мордовия,2019,444.151,region,False,republic
Республика Мордовия,2020,478.069,region,False,republic
Республика Мордовия,2021,490.34,region,False,republic
Республика Мордовия,2022,473.14076,region,False,republic
Республика Мордовия,2023,481.2206,region,False,republic
Республика Саха (Якутия),2007,13.03,region,False,republic
Республика Саха (Якутия),2008,11.957,region,False,republic
Республика Саха (Якутия),2009,14.341,region,False,republic
Республика Саха (Якутия),2010,15.318,region,False,republic
Республика Саха (Якутия),2011,14.667,region,False,republic
Республика Саха (Якутия),2012,12.171,region,False,republic
Республика Саха (Якутия),2013,11.768,region,False,republic
Республика Саха (Якутия),2014,10.869,region,False,republic
Республика Саха (Якутия),2015,10.738,region,False,republic
Республика Саха (Якутия),2016,11.078,region,False,republic
Республика Саха (Якутия),2017,11.34,region,False,republic
Республика Саха (Якутия),2018,9.573,region,False,republic
Республика Саха (Якутия),2019,10.399,region,False,republic
Республика Саха (Якутия),2020,9.117,region,False,republic
Республика Саха (Якутия),2021,10.69,region,False,republic
Республика Саха (Якутия),2022,10.78034,region,False,republic
Республика Саха (Якутия),2023,11.41608,region,False,republic
Республика Северная Осетия-Алания,2007,100.334,region,False,republic
Республика Северная Осетия-Алания,2008,121.859,region,False,republic
Республика Северная Осетия-Алания,2009,119.824,region,False,republic
Республика Северная Осетия-Алания,2010,107.568,region,False,republic
Республика Северная Осетия-Алания,2011,120.209,region,False,republic
Республика Северная Осетия-Алания,2012,121.45,region,False,republic
Республика Северная Осетия-Алания,2013,129.984,region,False,republic
Республика Северная Осетия-Алания,2014,126.72,region,False,republic
Республика Северная Осетия-Алания,2015,132.643,region,False,republic
Республика Северная Осетия-Алания,2016,127.914,region,False,republic
Республика Северная Осетия-Алания,2017,133.1,region,False,republic
Республика Северная Осетия-Алания,2018,138.023,region,False,republic
Республика Северная Осетия-Алания,2019,138.903,region,False,republic
Республика Северная Осетия-Алания,2020,136.805,region,False,republic
Республика Северная Осетия-Алания,2021,142.998,region,False,republic
Республика Северная Осетия-Алания,2022,128.29521,region,False,republic
Республика Северная Осетия-Алания,2023,138.96441,region,False,republic
Республика Татарстан,2007,1640.058,region,False,republic
Республика Татарстан,2008,1702.909,region,False,republic
Республика Татарстан,2009,1656.404,region,False,republic
Республика Татарстан,2010,1512.352,region,False,republic
Республика Татарстан,2011,1652.908,region,False,republic
Республика Татарстан,2012,1554.874,region,False,republic
Республика Татарстан,2013,1613.438,region,False,republic
Республика Татарстан,2014,1572.269,region,False,republic
Республика Татарстан,2015,1595.121,region,False,republic
Республика Татарстан,2016,1591.703,region,False,republic
Республика Татарстан,2017,1533.971,region,False,republic
Республика Татарстан,2018,1483.999,region,False,republic
Республика Татарстан,2019,1461.709,region,False,republic
Республика Татарстан,2020,1552.49,region,False,republic
Республика Татарстан,2021,1592.548,region,False,republic
Республика Татарстан (Татарстан),2022,1496.35706,region,False,republic
Республика Татарстан (Татарстан),2023,1478.81434,region,False,republic
Республика Тыва,2007,15.149,region,False,republic
Республика Тыва,2008,15.327,region,False,republic
Республика Тыва,2009,16.448,region,False,republic
Республика Тыва,2010,20.817,region,False,republic
Республика Тыва,2011,22.068,region,False,republic
Республика Тыва,2012,27.536,region,False,republic
Республика Тыва,2013,35.416,region,False,republic
Республика Тыва,2014,12.415,region,False,republic
Республика Тыва,2015,6.638,region,False,republic
Республика Тыва,2016,8.512,region,False,republic
Республика Тыва,2017,7.105,region,False,republic
Республика Тыва,2018,14.592,region,False,republic
Республика Тыва,2019,15.588,region,False,republic
Республика Тыва,2020,14.37,region,False,republic
Республика Тыва,2021,17.754,region,False,republic
Республика Тыва,2022,19.2855,region,False,republic
Республика Тыва,2023,14.4026,region,False,republic
Республика Хакасия,2007,86.88,region,False,republic
Республика Хакасия,2008,85.329,region,False,republic
Республика Хакасия,2009,89.58500000000001,region,False,republic
Республика Хакасия,2010,90.88399999999999,region,False,republic
Республика Хакасия,2011,108.012,region,False,republic
Республика Хакасия,2012,114.79,region,False,republic
Республика Хакасия,2013,105.234,region,False,republic
Республика Хакасия,2014,107.339,region,False,republic
Республика Хакасия,2015,92.69200000000001,region,False,republic
Республика Хакасия,2016,89.575,region,False,republic
Республика Хакасия,2017,99.707,region,False,republic
Республика Хакасия,2018,82.577,region,False,republic
Республика Хакасия,2019,72.768,region,False,republic
Республика Хакасия,2020,78.092,region,False,republic
Республика Хакасия,2021,82.043,region,False,republic
Республика Хакасия,2022,89.0273,region,False,republic
Республика Хакасия,2023,100.6414,region,False,republic
Ростовская область,2007,2789.571,region,False,oblast
Ростовская область,2008,2868.107,region,False,oblast
Ростовская область,2009,2930.763,region,False,oblast
Ростовская область,2010,2831.278,region,False,oblast
Ростовская область,2011,2960.146,region,False,oblast
Ростовская область,2012,3017.615,region,False,oblast
Ростовская область,2013,3193.771,region,False,oblast
Ростовская область,2014,3224.993,region,False,oblast
Ростовская область,2015,3319.818,region,False,oblast
Ростовская область,2016,3297.155,region,False,oblast
Ростовская область,2017,3380.168,region,False,oblast
Ростовская область,2018,3499.459,region,False,oblast
Ростовская область,2019,3582.966,region,False,oblast
Ростовская область,2020,3639.472,region,False,oblast
Ростовская область,2021,3598.065,region,False,oblast
Ростовская область,2022,3673.38998,region,False,oblast
Ростовская область,2023,3655.1521,region,False,oblast
Рязанская область,2007,458.222,region,False,oblast
Рязанская область,2008,504.408,region,False,oblast
Рязанская область,2009,523.899,region,False,oblast
Рязанская область,2010,501.352,region,False,oblast
Рязанская область,2011,515.086,region,False,oblast
Рязанская область,2012,513.325,region,False,oblast
Рязанская область,2013,528.954,region,False,oblast
Рязанская область,2014,476.445,region,False,oblast
Рязанская область,2015,545.357,region,False,oblast
Рязанская область,2016,575.726,region,False,oblast
Рязанская область,2017,596.608,region,False,oblast
Рязанская область,2018,576.59,region,False,oblast
Рязанская область,2019,630.5,region,False,oblast
Рязанская область,2020,681.309,region,False,oblast
Рязанская область,2021,702.76,region,False,oblast
Рязанская область,2022,725.04327,region,False,oblast
Рязанская область,2023,724.61184,region,False,oblast
Самарская область,2007,1163.472,region,False,oblast
Самарская область,2008,1183.279,region,False,oblast
Самарская область,2009,1175.019,region,False,oblast
Самарская область,2010,990.2719999999999,region,False,oblast
Самарская область,2011,818.026,region,False,oblast
Самарская область,2012,930.033,region,False,oblast
Самарская область,2013,1042.013,region,False,oblast
Самарская область,2014,1103.679,region,False,oblast
Самарская область,2015,1101.729,region,False,oblast
Самарская область,2016,1129.937,region,False,oblast
Самарская область,2017,1113.214,region,False,oblast
Самарская область,2018,1120.833,region,False,oblast
Самарская область,2019,1098.996,region,False,oblast
Самарская область,2020,1144.798,region,False,oblast
Самарская область,2021,1150.718,region,False,oblast
Самарская область,2022,1167.93439,region,False,oblast
Самарская область,2023,1168.24803,region,False,oblast
Саратовская область,2007,2379.777,region,False,oblast
Саратовская область,2008,2491.786,region,False,oblast
Саратовская область,2009,2561.708,region,False,oblast
Саратовская область,2010,2224.809,region,False,oblast
Саратовская область,2011,1837.931,region,False,oblast
Саратовская область,2012,2304.816,region,False,oblast
Саратовская область,2013,2266.077,region,False,oblast
Саратовская область,2014,2137.135,region,False,oblast
Саратовская область,2015,2095.059,region,False,oblast
Саратовская область,2016,2110.913,region,False,oblast
Саратовская область,2017,2313.273,region,False,oblast
Саратовская область,2018,2390.026,region,False,oblast
Саратовская область,2019,2332.074,region,False,oblast
Саратовская область,2020,2312.498,region,False,oblast
Саратовская область,2021,2193.779,region,False,oblast
Саратовская область,2022,2252.12249,region,False,oblast
Саратовская область,2023,2349.7358,region,False,oblast
Свердловская область,2007,431.225,region,False,oblast
Свердловская область,2008,431.248,region,False,oblast
Свердловская область,2009,397.182,region,False,oblast
Свердловская область,2010,350.344,region,False,oblast
Свердловская область,2011,363.893,region,False,oblast
Свердловская область,2012,341.304,region,False,oblast
Свердловская область,2013,349.771,region,False,oblast
Свердловская область,2014,347.157,region,False,oblast
Свердловская область,2015,342.457,region,False,oblast
Свердловская область,2016,338.717,region,False,oblast
Свердловская область,2017,337.343,region,False,oblast
Свердловская область,2018,317.579,region,False,oblast
Свердловская область,2019,317.5,region,False,oblast
Свердловская область,2020,322.727,region,False,oblast
Свердловская область,2021,314.765,region,False,oblast
Свердловская область,2022,333.53056,region,False,oblast
Свердловская область,2023,313.1049,region,False,oblast
Смоленская область,2007,78.719,region,False,oblast
Смоленская область,2008,97.239,region,False,oblast
Смоленская область,2009,101.208,region,False,oblast
Смоленская область,2010,87.279,region,False,oblast
Смоленская область,2011,111.689,region,False,oblast
Смоленская область,2012,125.139,region,False,oblast
Смоленская область,2013,117.202,region,False,oblast
Смоленская область,2014,108.959,region,False,oblast
Смоленская область,2015,107.987,region,False,oblast
Смоленская область,2016,117.134,region,False,oblast
Смоленская область,2017,115.922,region,False,oblast
Смоленская область,2018,120.166,region,False,oblast
Смоленская область,2019,124.733,region,False,oblast
Смоленская область,2020,140.328,region,False,oblast
Смоленская область,2021,143.326,region,False,oblast
Смоленская область,2022,146.6056,region,False,oblast
Смоленская область,2023,160.9118,region,False,oblast
Ставропольский край,2007,2168.546,region,False,krai
Ставропольский край,2008,2255.193,region,False,krai
Ставропольский край,2009,2267.922,region,False,krai
Ставропольский край,2010,2146.41,region,False,krai
Ставропольский край,2011,2151.507,region,False,krai
Ставропольский край,2012,2141.338,region,False,krai
Ставропольский край,2013,2293.048,region,False,krai
Ставропольский край,2014,2299.526,region,False,krai
Ставропольский край,2015,2362.027,region,False,krai
Ставропольский край,2016,2431.258,region,False,krai
Ставропольский край,2017,2419.832,region,False,krai
Ставропольский край,2018,2469.795,region,False,krai
Ставропольский край,2019,2523.699,region,False,krai
Ставропольский край,2020,2321.027,region,False,krai
Ставропольский край,2021,2486.179,region,False,krai
Ставропольский край,2022,2423.24016,region,False,krai
Ставропольский край,2023,2434.59034,region,False,krai
Тамбовская область,2007,860.551,region,False,oblast
Тамбовская область,2008,943.852,region,False,oblast
Тамбовская область,2009,965.69,region,False,oblast
Тамбовская область,2010,817.8380000000001,region,False,oblast
Тамбовская область,2011,878.1519999999999,region,False,oblast
Тамбовская область,2012,892.7559999999999,region,False,oblast
Тамбовская область,2013,993.2310000000001,region,False,oblast
Тамбовская область,2014,993.3019999999999,region,False,oblast
Тамбовская область,2015,1094.069,region,False,oblast
Тамбовская область,2016,1034.927,region,False,oblast
Тамбовская область,2017,1077.981,region,False,oblast
Тамбовская область,2018,1009.316,region,False,oblast
Тамбовская область,2019,1079.228,region,False,oblast
Тамбовская область,2020,1113.693,region,False,oblast
Тамбовская область,2021,1023.565,region,False,oblast
Тамбовская область,2022,1112.4466,region,False,oblast
Тамбовская область,2023,1085.544,region,False,oblast
Тверская область,2007,98.595,region,False,oblast
Тверская область,2008,97.309,region,False,oblast
Тверская область,2009,87.38000000000001,region,False,oblast
Тверская область,2010,73.976,region,False,oblast
Тверская область,2011,67.95299999999999,region,False,oblast
Тверская область,2012,66.56700000000001,region,False,oblast
Тверская область,2013,66.364,region,False,oblast
Тверская область,2014,66.55799999999999,region,False,oblast
Тверская область,2015,70.59200000000001,region,False,oblast
Тверская область,2016,75.90100000000001,region,False,oblast
Тверская область,2017,70.36099999999999,region,False,oblast
Тверская область,2018,65.728,region,False,oblast
Тверская область,2019,68.813,region,False,oblast
Тверская область,2020,69.962,region,False,oblast
Тверская область,2021,67.183,region,False,oblast
Тверская область,2022,65.4065,region,False,oblast
Тверская область,2023,71.8398,region,False,oblast
Томская область,2007,245.016,region,False,oblast
Томская область,2008,247.462,region,False,oblast
Томская область,2009,256.576,region,False,oblast
Томская область,2010,240.418,region,False,oblast
Томская область,2011,250.314,region,False,oblast
Томская область,2012,252.888,region,False,oblast
Томская область,2013,219.851,region,False,oblast
Томская область,2014,213.772,region,False,oblast
Томская область,2015,197.629,region,False,oblast
Томская область,2016,190.45,region,False,oblast
Томская область,2017,186.5,region,False,oblast
Томская область,2018,162.41,region,False,oblast
Томская область,2019,161.841,region,False,oblast
Томская область,2020,165.426,region,False,oblast
Томская область,2021,167.22,region,False,oblast
Томская область,2022,175.16174,region,False,oblast
Томская область,2023,166.09878,region,False,oblast
Тульская область,2007,423.338,region,False,oblast
Тульская область,2008,482.371,region,False,oblast
Тульская область,2009,524.124,region,False,oblast
Тульская область,2010,513.1999999999999,region,False,oblast
Тульская область,2011,497.828,region,False,oblast
Тульская область,2012,464.698,region,False,oblast
Тульская область,2013,478.735,region,False,oblast
Тульская область,2014,474.651,region,False,oblast
Тульская область,2015,527.691,region,False,oblast
Тульская область,2016,570.548,region,False,oblast
Тульская область,2017,590.755,region,False,oblast
Тульская область,2018,546.394,region,False,oblast
Тульская область,2019,588.842,region,False,oblast
Тульская область,2020,637.558,region,False,oblast
Тульская область,2021,620.405,region,False,oblast
Тульская область,2022,611.61331,region,False,oblast
Тульская область,2023,606.39708,region,False,oblast
Тюменская область,2007,612.557,region,False,oblast
Тюменская область,2008,689.245,region,False,oblast
Тюменская область,2009,720.2969999999999,region,False,oblast
Тюменская область,2010,708.0160000000001,region,False,oblast
Тюменская область,2011,717.0060000000001,region,False,oblast
Тюменская область,2012,700.206,region,False,oblast
Тюменская область,2013,694.575,region,False,oblast
Тюменская область,2014,698.462,region,False,oblast
Тюменская область,2015,693.075,region,False,oblast
Тюменская область,2016,696.206,region,False,oblast
Тюменская область,2017,686.788,region,False,oblast
Тюменская область,2018,672.178,region,False,oblast
Тюменская область,2019,662.811,region,False,oblast
Тюменская область,2020,683.774,region,False,oblast
Тюменская область,2021,692.665,region,False,oblast
Тюменская область,2022,712.35745,region,False,oblast
Тюменская область,2023,729.14642,region,False,oblast
Тюменская область (кроме Ханты-Мансийского автономного округа-Югры и Ямало-Ненецкого автономного округа),2022,712.35745,region,False,oblast
Тюменская область (кроме Ханты-Мансийского автономного округа-Югры и Ямало-Ненецкого автономного округа),2023,729.14642,region,False,oblast
Удмуртская Республика,2007,417.242,region,False,republic
Удмуртская Республика,2008,427.146,region,False,republic
Удмуртская Республика,2009,406.446,region,False,republic
Удмуртская Республика,2010,415.719,region,False,republic
Удмуртская Республика,2011,375.208,region,False,republic
Удмуртская Республика,2012,352.521,region,False,republic
Удмуртская Республика,2013,425.968,region,False,republic
Удмуртская Республика,2014,358.132,region,False,republic
Удмуртская Республика,2015,369.0820000000001,region,False,republic
Удмуртская Республика,2016,362.193,region,False,republic
Удмуртская Республика,2017,353.902,region,False,republic
Удмуртская Республика,2018,345.954,region,False,republic
Удмуртская Республика,2019,328.313,region,False,republic
Удмуртская Республика,2020,320.451,region,False,republic
Удмуртская Республика,2021,333.838,region,False,republic
Удмуртская Республика,2022,350.40059,region,False,republic
Удмуртская Республика,2023,321.9406,region,False,republic
Ульяновская область,2007,450.726,region,False,oblast
Ульяновская область,2008,576.527,region,False,oblast
Ульяновская область,2009,670.17,region,False,oblast
Ульяновская область,2010,595.654,region,False,oblast
Ульяновская область,2011,590.1400000000001,region,False,oblast
Ульяновская область,2012,566.932,region,False,oblast
Ульяновская область,2013,580.875,region,False,oblast
Ульяновская область,2014,548.175,region,False,oblast
Ульяновская область,2015,579.212,region,False,oblast
Ульяновская область,2016,557.1,region,False,oblast
Ульяновская область,2017,586.946,region,False,oblast
Ульяновская область,2018,606.574,region,False,oblast
Ульяновская область,2019,641.814,region,False,oblast
Ульяновская область,2020,650.261,region,False,oblast
Ульяновская область,2021,655.66,region,False,oblast
Ульяновская область,2022,631.819,region,False,oblast
Ульяновская область,2023,649.03827,region,False,oblast
Хабаровский край,2007,13.508,region,False,krai
Хабаровский край,2008,13.63,region,False,krai
Хабаровский край,2009,14.772,region,False,krai
Хабаровский край,2010,6.028,region,False,krai
Хабаровский край,2011,8.279,region,False,krai
Хабаровский край,2012,8.804,region,False,krai
Хабаровский край,2013,8.530999999999999,region,False,krai
Хабаровский край,2014,9.450999999999999,region,False,krai
Хабаровский край,2015,8.640999999999998,region,False,krai
Хабаровский край,2016,9.112,region,False,krai
Хабаровский край,2017,8.541,region,False,krai
Хабаровский край,2018,10.057,region,False,krai
Хабаровский край,2019,9.209,region,False,krai
Хабаровский край,2020,10.011,region,False,krai
Хабаровский край,2021,8.948,region,False,krai
Хабаровский край,2022,9.08162,region,False,krai
Хабаровский край,2023,8.43316,region,False,krai
Ханты-Мансийский автономный округ,2007,0.0,region,False,autonomous_okrug
Ханты-Мансийский автономный округ,2008,0.0,region,False,autonomous_okrug
Ханты-Мансийский автономный округ,2009,0.0,region,False,autonomous_okrug
Ханты-Мансийский автономный округ,2010,0.0,region,False,autonomous_okrug
Ханты-Мансийский автономный округ,2011,0.0,region,False,autonomous_okrug
Ханты-Мансийский автономный округ,2012,0.0,region,False,autonomous_okrug
Ханты-Мансийский автономный округ,2013,0.13,region,False,autonomous_okrug
Ханты-Мансийский автономный округ,2014,0.136,region,False,autonomous_okrug
Ханты-Мансийский автономный округ,2015,0.0,region,False,autonomous_okrug
Ханты-Мансийский автономный округ,2016,0.007,region,False,autonomous_okrug
Ханты-Мансийский автономный округ,2017,0.0,region,False,autonomous_okrug
Челябинская область,2007,1374.137,region,False,oblast
Челябинская область,2008,1397.834,region,False,oblast
Челябинская область,2009,1475.337,region,False,oblast
Челябинская область,2010,1470.893,region,False,oblast
Челябинская область,2011,1441.051,region,False,oblast
Челябинская область,2012,1409.438,region,False,oblast
Челябинская область,2013,1413.163,region,False,oblast
Челябинская область,2014,1381.157,region,False,oblast
Челябинская область,2015,1277.853,region,False,oblast
Челябинская область,2016,1353.358,region,False,oblast
Челябинская область,2017,1406.103,region,False,oblast
Челябинская область,2018,1392.016,region,False,oblast
Челябинская область,2019,1410.142,region,False,oblast
Челябинская область,2020,1433.349,region,False,oblast
Челябинская область,2021,1328.618,region,False,oblast
Челябинская область,2022,1335.52497,region,False,oblast
Челябинская область,2023,1434.46029,region,False,oblast
Чеченская Республика,2007,95.774,region,False,republic
Чеченская Республика,2008,118.273,region,False,republic
Чеченская Республика,2009,126.139,region,False,republic
Чеченская Республика,2010,100.939,region,False,republic
Чеченская Республика,2011,101.259,region,False,republic
Чеченская Республика,2012,98.29299999999999,region,False,republic
Чеченская Республика,2013,110.528,region,False,republic
Чеченская Республика,2014,136.961,region,False,republic
Чеченская Республика,2015,116.152,region,False,republic
Чеченская Республика,2016,147.614,region,False,republic
Чеченская Республика,2017,166.221,region,False,republic
Чеченская Республика,2018,171.788,region,False,republic
Чеченская Республика,2019,179.161,region,False,republic
Чеченская Республика,2020,196.624,region,False,republic
Чеченская Республика,2021,211.759,region,False,republic
Чеченская Республика,2022,183.423,region,False,republic
Чеченская Республика,2023,193.3523,region,False,republic
Чувашская Республика,2007,200.748,region,False,republic
Чувашская Республика,2008,239.275,region,False,republic
Чувашская Республика,2009,250.961,region,False,republic
Чувашская Республика,2010,254.877,region,False,republic
Чувашская Республика,2011,256.008,region,False,republic
Чувашская Республика,2012,229.843,region,False,republic
Чувашская Республика,2013,258.608,region,False,republic
Чувашская Республика,2014,266.99,region,False,republic
Чувашская Республика,2015,284.892,region,False,republic
Чувашская Республика,2016,290.623,region,False,republic
Чувашская Республика,2017,287.748,region,False,republic
Чувашская Республика,2018,278.089,region,False,republic
Чувашская Республика,2019,268.697,region,False,republic
Чувашская Республика,2020,293.314,region,False,republic
Чувашская Республика,2021,301.265,region,False,republic
Чувашская Республика - Чувашия,2022,310.72821,region,False,republic
Чувашская Республика - Чувашия,2023,297.66297,region,False,republic
Ямало-Ненецкий автономный округ,2007,0.0,region,False,autonomous_okrug
Ямало-Ненецкий автономный округ,2008,0.0,region,False,autonomous_okrug
Ямало-Ненецкий автономный округ,2009,0.0,region,False,autonomous_okrug
Ямало-Ненецкий автономный округ,2010,0.0,region,False,autonomous_okrug
Ямало-Ненецкий автономный округ,2011,0.0,region,False,autonomous_okrug
Ямало-Ненецкий автономный округ,2012,0.0,region,False,autonomous_okrug
Ямало-Ненецкий автономный округ,2013,0.0,region,False,autonomous_okrug
Ямало-Ненецкий автономный округ,2014,0.0,region,False,autonomous_okrug
Ямало-Ненецкий автономный округ,2015,0.0,region,False,autonomous_okrug
Ямало-Ненецкий автономный округ,2016,0.0,region,False,autonomous_okrug
Ямало-Ненецкий автономный округ,2017,0.002,region,False,autonomous_okrug
Ярославская область,2007,53.358,region,False,oblast
Ярославская область,2008,61.85,region,False,oblast
Ярославская область,2009,55.551,region,False,oblast
Ярославская область,2010,47.763,region,False,oblast
Ярославская область,2011,49.489,region,False,oblast
Ярославская область,2012,46.56,region,False,oblast
Ярославская область,2013,45.7,region,False,oblast
Ярославская область,2014,47.038,region,False,oblast
Ярославская область,2015,46.193,region,False,oblast
Ярославская область,2016,49.058,region,False,oblast
Ярославская область,2017,48.259,region,False,oblast
Ярославская область,2018,44.687,region,False,oblast
Ярославская область,2019,45.886,region,False,oblast
Ярославская область,2020,43.394,region,False,oblast
Ярославская область,2021,38.661,region,False,oblast
Ярославская область,2022,43.52596,region,False,oblast
Ярославская область,2023,45.779,region,False,oblast
г. Москва,2007,0.0,region,False,federal_city
г. Москва,2008,0.0,region,False,federal_city
г. Москва,2009,0.0,region,False,federal_city
г. Москва,2010,0.0,region,False,federal_city
г. Москва,2011,0.0,region,False,federal_city
г. Москва,2012,1.86,region,False,federal_city
г. Москва,2013,2.79,region,False,federal_city
г. Москва,2014,2.046,region,False,federal_city
г. Москва,2015,3.353,region,False,federal_city
г. Москва,2016,3.324,region,False,federal_city
г. Москва,2017,2.424,region,False,federal_city
г. Москва,2018,0.62,region,False,federal_city
г. Москва,2019,999999999.0,region,False,federal_city
г. Москва,2020,999999999.0,region,False,federal_city
г. Москва,2021,0.072,region,False,federal_city
г. Москва,2022,0.14259,region,False,federal_city
г. Москва,2023,0.01206,region,False,federal_city
г. Севастополь,2007,0.0,region,False,federal_city
г. Севастополь,2008,0.0,region,False,federal_city
г. Севастополь,2009,0.0,region,False,federal_city
г. Севастополь,2010,0.0,region,False,federal_city
г. Севастополь,2011,0.0,region,False,federal_city
г. Севастополь,2012,0.0,region,False,federal_city
г. Севастополь,2013,0.0,region,False,federal_city
г. Севастополь,2014,0.43,region,False,federal_city
г. Севастополь,2015,0.578,region,False,federal_city
г. Севастополь,2016,0.57,region,False,federal_city
г. Севастополь,2017,0.651,region,False,federal_city
г. Севастополь,2018,0.574,region,False,federal_city
г. Севастополь,2019,0.47,region,False,federal_city
г. Севастополь,2020,0.373,region,False,federal_city
г. Севастополь,2021,0.617,region,False,federal_city
г. Севастополь,2022,0.4531,region,False,federal_city
