region,year,temp,rain
Алтайский край,2006,3.1047618,17.850813
Алтайский край,2007,4.821818,17.677519
Алтайский край,2008,3.9448154,15.80222
Алтайский край,2009,2.1699665,16.615139
Алтайский край,2010,1.0557429,13.7892
Алтайский край,2011,2.741483,12.137676
Алтайский край,2012,2.4900627,14.953271
Алтайский край,2013,4.122083,18.765938
Алтайский край,2014,2.879556,20.439487
Алтайский край,2015,4.479706,18.547407
Алтайский край,2016,3.54378,19.874725
Алтайский край,2017,3.962087,18.551964
Алтайский край,2018,1.8785782,18.146235
Алтайский край,2019,3.8274815,14.679196
Алтайский край,2020,5.393331,15.509272
Алтайский край,2021,3.835696,15.443617
Алтайский край,2022,3.5994797,10.189362
Алтайский край,2023,4.744044,9.476855
Амурская область,2006,-2.393612,20.956722
Амурская область,2007,0.07116445,15.586603
Амурская область,2008,-0.051441193,21.753454
Амурская область,2009,-1.6270727,17.982126
Амурская область,2010,-1.07414,20.191818
Амурская область,2011,-0.2819532,14.073449
Амурская область,2012,-1.7174568,17.960884
Амурская область,2013,-1.2862841,27.728935
Амурская область,2014,-0.62842053,13.345283
Амурская область,2015,-0.10655848,16.415722
Амурская область,2016,-1.8824908,22.489946
Амурская область,2017,0.0039164224,16.678877
Амурская область,2018,-0.57861584,16.800772
Амурская область,2019,-1.4724833,23.085552
Амурская область,2020,-0.14882405,20.974438
Амурская область,2021,-0.55932236,28.862831
Амурская область,2022,-0.45065054,16.470413
Амурская область,2023,-0.7468427,9.331891
Архангельская область,2006,1.1343842,24.399189
Архангельская область,2007,2.3346748,25.040201
Архангельская область,2008,2.09081,28.675356
Архангельская область,2009,1.0376434,24.048695
Архангельская область,2010,0.7204564,21.583662
Архангельская область,2011,2.154082,22.83452
Архангельская область,2012,0.9658101,24.130524
Архангельская область,2013,2.4498825,23.056803
Архангельская область,2014,1.8994141,23.82647
Архангельская область,2015,2.5903828,24.54535
Архангельская область,2016,2.7039363,21.43349
Архангельская область,2017,2.0034282,27.894814
Архангельская область,2018,2.0393856,23.806658
Архангельская область,2019,2.1679764,29.835651
Архангельская область,2020,3.2549846,29.71884
Архангельская область,2021,1.0165228,23.476536
Архангельская область,2022,2.6390305,18.226042
Архангельская область,2023,2.2723644,12.716539
Астраханская область,2006,10.733505,7.6604533
Астраханская область,2007,11.520061,8.429013
Астраханская область,2008,10.700836,8.276806
Астраханская область,2009,10.676315,8.668476
Астраханская область,2010,12.275307,8.4214735
Астраханская область,2011,10.239204,9.048434
Астраханская область,2012,11.0346575,6.675959
Астраханская область,2013,11.705579,8.584831
Астраханская область,2014,10.919434,6.4992795
Астраханская область,2015,11.82964,7.602043
Астраханская область,2016,11.518064,9.923313
Астраханская область,2017,11.471852,8.576779
Астраханская область,2018,11.117673,7.30865
Астраханская область,2019,11.707039,7.3677483
Астраханская область,2020,12.463155,5.3302364
Астраханская область,2021,12.240807,10.714618
Астраханская область,2022,11.84769,7.718254
Астраханская область,2023,12.575587,5.529246
Белгородская область,2006,6.962509,20.995413
Белгородская область,2007,8.588908,21.012455
Белгородская область,2008,8.238109,16.600676
Белгородская область,2009,8.220749,18.481613
Белгородская область,2010,8.675697,20.09973
Белгородская область,2011,7.104439,18.305893
Белгородская область,2012,7.991526,21.880634
Белгородская область,2013,8.399753,20.777126
Белгородская область,2014,8.043945,16.097818
Белгородская область,2015,8.568736,19.451408
Белгородская область,2016,8.045733,25.187286
Белгородская область,2017,8.292653,18.914095
Белгородская область,2018,7.629392,21.433409
Белгородская область,2019,9.019214,18.923933
Белгородская область,2020,9.491638,16.4637
Белгородская область,2021,8.319095,20.367867
Белгородская область,2022,8.227898,19.286268
Белгородская область,2023,8.80394,12.807672
Брянская область,2006,6.1374764,27.77682
Брянская область,2007,7.6216226,21.154919
Брянская область,2008,7.8172097,23.425938
Брянская область,2009,7.143112,24.10754
Брянская область,2010,7.340248,23.217834
Брянская область,2011,6.71007,24.595741
Брянская область,2012,6.7332253,27.600565
Брянская область,2013,7.2827277,23.12786
Брянская область,2014,7.670736,15.80919
Брянская область,2015,8.394908,19.093067
Брянская область,2016,7.5361304,23.551296
Брянская область,2017,7.6899514,20.935379
Брянская область,2018,7.186358,18.74968
Брянская область,2019,8.476082,18.369276
Брянская область,2020,8.958435,22.044333
Брянская область,2021,6.8330917,26.772303
Брянская область,2022,7.1919274,26.445698
Брянская область,2023,8.254298,12.921685
Владимирская область,2006,4.8677826,23.78731
Владимирская область,2007,6.398478,20.958088
Владимирская область,2008,6.7338767,26.836082
Владимирская область,2009,5.6691537,20.830185
Владимирская область,2010,5.880287,19.237236
Владимирская область,2011,5.543566,19.551025
Владимирская область,2012,5.2265525,25.339298
Владимирская область,2013,6.05942,26.74884
Владимирская область,2014,6.2062173,18.896868
Владимирская область,2015,6.506073,19.090837
Владимирская область,2016,6.076658,23.212198
Владимирская область,2017,5.51531,25.733202
Владимирская область,2018,5.7708306,16.125757
Владимирская область,2019,6.7423577,22.241737
Владимирская область,2020,7.2767944,19.3977
Владимирская область,2021,5.7061386,23.931347
Владимирская область,2022,6.1172204,15.892275
Владимирская область,2023,6.4292655,11.868166
Волгоградская область,2006,8.204697,15.083839
Волгоградская область,2007,9.648152,14.919683
Волгоградская область,2008,9.13329,11.182033
Волгоградская область,2009,8.86349,12.751104
Волгоградская область,2010,10.060463,13.347469
Волгоградская область,2011,7.962349,13.633372
Волгоградская область,2012,8.975902,12.628369
Волгоградская область,2013,9.472669,17.189909
Волгоградская область,2014,8.504558,12.48378
Волгоградская область,2015,9.739797,12.44869
Волгоградская область,2016,9.150876,19.307884
Волгоградская область,2017,9.294769,14.88101
Волгоградская область,2018,8.700192,13.692777
Волгоградская область,2019,9.400398,13.354856
Волгоградская область,2020,10.110454,9.538459
Волгоградская область,2021,9.636477,16.854935
Волгоградская область,2022,9.543002,13.440319
Волгоградская область,2023,10.216537,7.4941745
Вологодская область,2006,3.0938568,24.78732
Вологодская область,2007,3.899292,25.441467
Вологодская область,2008,4.3248596,26.086145
Вологодская область,2009,3.260788,24.634117
Вологодская область,2010,2.6815567,21.925955
Вологодская область,2011,3.486276,22.611294
Вологодская область,2012,2.616038,25.096178
Вологодская область,2013,3.994316,19.871449
Вологодская область,2014,3.8242188,19.181204
Вологодская область,2015,4.3962097,24.456478
Вологодская область,2016,4.189776,21.963108
Вологодская область,2017,3.3183696,28.933151
Вологодская область,2018,3.4068985,24.397213
Вологодская область,2019,4.0468826,28.258856
Вологодская область,2020,4.8225303,26.6929
Вологодская область,2021,3.310468,22.361774
Вологодская область,2022,3.8432949,19.605696
Вологодская область,2023,4.107,12.669647
Воронежская область,2006,7.1169686,21.683727
Воронежская область,2007,8.848999,17.348759
Воронежская область,2008,8.488922,16.195238
Воронежская область,2009,8.311081,15.544886
Воронежская область,2010,8.951901,17.532557
Воронежская область,2011,7.090116,18.494295
Воронежская область,2012,8.123036,22.06798
Воронежская область,2013,8.688001,18.827183
Воронежская область,2014,8.185872,14.610816
Воронежская область,2015,8.871307,17.038174
Воронежская область,2016,8.461911,22.533756
Воронежская область,2017,8.334157,20.39193
Воронежская область,2018,7.8151016,18.679405
Воронежская область,2019,9.050789,17.272812
Воронежская область,2020,9.7803755,14.09013
Воронежская область,2021,8.769452,19.177334
Воронежская область,2022,8.464226,20.648039
Воронежская область,2023,8.837631,12.303019
Забайкальский край,2006,-1.4603437,11.812357
Забайкальский край,2007,1.3138415,11.719614
Забайкальский край,2008,0.48420334,16.953835
Забайкальский край,2009,-1.3627497,13.034025
Забайкальский край,2010,-1.6309433,10.318533
Забайкальский край,2011,0.053984325,10.875213
Забайкальский край,2012,-1.9991951,15.392424
Забайкальский край,2013,-1.0084509,13.441955
Забайкальский край,2014,0.33267975,10.036621
Забайкальский край,2015,0.5448087,11.1778
Забайкальский край,2016,-0.67383194,14.817466
Забайкальский край,2017,0.09620158,11.984672
Забайкальский край,2018,-0.013837178,15.748556
Забайкальский край,2019,0.21257527,13.347093
Забайкальский край,2020,1.2356161,13.865957
Забайкальский край,2021,-0.093990326,19.102951
Забайкальский край,2022,-0.43502426,13.23152
Забайкальский край,2023,0.06744766,6.502036
Ивановская область,2006,4.3502045,22.74235
Ивановская область,2007,5.766317,20.667982
Ивановская область,2008,6.15152,28.167568
Ивановская область,2009,5.1675262,20.72046
Ивановская область,2010,5.020424,20.66198
Ивановская область,2011,4.9301224,20.118872
Ивановская область,2012,4.4829,27.649866
Ивановская область,2013,5.463392,24.420757
Ивановская область,2014,5.6940103,18.039074
Ивановская область,2015,5.960337,20.168789
Ивановская область,2016,5.4830704,24.287876
Ивановская область,2017,4.9541116,25.418736
Ивановская область,2018,5.0532203,19.031506
Ивановская область,2019,6.0861077,22.791023
Ивановская область,2020,6.650004,20.237389
Ивановская область,2021,5.0712104,24.28253
Ивановская область,2022,5.5167975,14.777686
Ивановская область,2023,5.7484384,11.964675
Иркутская область,2006,-3.0474205,23.13078
Иркутская область,2007,0.29659018,18.350794
Иркутская область,2008,-1.4713631,22.468077
Иркутская область,2009,-3.7673733,20.2501
Иркутская область,2010,-4.1490097,18.51654
Иркутская область,2011,-1.0619011,16.243013
Иркутская область,2012,-3.361988,18.176012
Иркутская область,2013,-1.9752477,17.094751
Иркутская область,2014,-1.213056,18.230688
Иркутская область,2015,0.04269409,16.66359
Иркутская область,2016,-1.6852239,13.344232
Иркутская область,2017,-0.9757385,17.518646
Иркутская область,2018,-1.9392929,16.770813
Иркутская область,2019,-0.8561096,15.497196
Иркутская область,2020,0.6141968,17.632143
Иркутская область,2021,-1.7836062,14.444982
Иркутская область,2022,-1.7104149,20.816092
Иркутская область,2023,-1.2372398,10.435133
Кабардино-Балкарская Республика,2006,4.8908944,64.44455
Кабардино-Балкарская Республика,2007,4.878947,53.525127
Кабардино-Балкарская Республика,2008,4.919912,61.744183
Кабардино-Балкарская Республика,2009,5.05278,61.49843
Кабардино-Балкарская Республика,2010,6.945066,55.754223
Кабардино-Балкарская Республика,2011,4.1391068,63.324135
Кабардино-Балкарская Республика,2012,5.2748923,50.037556
Кабардино-Балкарская Республика,2013,5.5024543,60.82185
Кабардино-Балкарская Республика,2014,5.6206055,57.663998
Кабардино-Балкарская Республика,2015,5.9575706,52.882793
Кабардино-Балкарская Республика,2016,5.176918,69.01523
Кабардино-Балкарская Республика,2017,5.538096,59.013733
Кабардино-Балкарская Республика,2018,6.5211563,52.290234
Кабардино-Балкарская Республика,2019,5.967781,46.715546
Кабардино-Балкарская Республика,2020,6.0142617,42.30636
Кабардино-Балкарская Республика,2021,5.5826035,58.889797
Кабардино-Балкарская Республика,2022,5.4801764,41.053192
Кабардино-Балкарская Республика,2023,6.430893,27.737816
Калининградская область,2006,8.657659,20.84053
Калининградская область,2007,9.058146,28.152357
Калининградская область,2008,9.264638,25.293953
Калининградская область,2009,8.351608,23.69275
Калининградская область,2010,7.1628394,25.649593
Калининградская область,2011,8.680448,24.430761
Калининградская область,2012,7.833323,28.974667
Калининградская область,2013,8.555188,20.985355
Калининградская область,2014,9.281575,21.115517
Калининградская область,2015,9.496796,21.974213
Калининградская область,2016,9.124347,28.33334
Калининградская область,2017,8.78777,34.430504
Калининградская область,2018,9.617999,20.011332
Калининградская область,2019,10.036629,24.703848
Калининградская область,2020,10.272075,24.227472
Калининградская область,2021,8.558515,24.22974
Калининградская область,2022,9.271029,19.131496
Калининградская область,2023,9.853908,12.967082
Калужская область,2006,4.978948,26.905766
Калужская область,2007,6.4497476,22.750517
Калужская область,2008,6.923004,24.5478
Калужская область,2009,5.8792777,23.364471
Калужская область,2010,6.174558,20.552732
Калужская область,2011,5.8249793,23.80051
Калужская область,2012,5.2740784,28.329485
Калужская область,2013,5.897799,28.446775
Калужская область,2014,6.5291343,15.043114
Калужская область,2015,6.9697776,21.088936
Калужская область,2016,6.06266,26.197445
Калужская область,2017,6.167002,21.955944
Калужская область,2018,6.0120416,16.65681
Калужская область,2019,7.3398514,20.32375
Калужская область,2020,7.828715,24.568583
Калужская область,2021,5.722252,25.733387
Калужская область,2022,5.934603,23.23513
Калужская область,2023,6.7381845,14.460346
Камчатский край,2006,-4.8939376,28.533993
Камчатский край,2007,-4.413208,36.90733
Камчатский край,2008,-3.650074,35.52641
Камчатский край,2009,-4.7789283,27.820969
Камчатский край,2010,-4.6779838,32.347656
Камчатский край,2011,-4.9297395,36.947105
Камчатский край,2012,-3.9646924,41.69874
Камчатский край,2013,-3.9394405,33.301105
Камчатский край,2014,-3.563966,29.949223
Камчатский край,2015,-4.7551575,31.311771
Камчатский край,2016,-4.584638,30.00554
Камчатский край,2017,-3.2960522,34.07942
Камчатский край,2018,-3.6285832,40.708485
Камчатский край,2019,-4.5315666,33.744072
Камчатский край,2020,-4.164612,30.41082
Камчатский край,2021,-4.2736793,40.18668
Камчатский край,2022,-2.8782222,35.580162
Камчатский край,2023,-4.19655,18.838863
Карачаево-Черкесская Республика,2006,4.3715262,65.56978
Карачаево-Черкесская Республика,2007,4.1597085,49.4739
Карачаево-Черкесская Республика,2008,4.094879,66.191826
Карачаево-Черкесская Республика,2009,4.5422006,57.519146
Карачаево-Черкесская Республика,2010,6.664467,55.97869
Карачаево-Черкесская Республика,2011,3.604276,55.592384
Карачаево-Черкесская Республика,2012,4.855784,54.190853
Карачаево-Черкесская Республика,2013,4.892916,55.55072
Карачаево-Черкесская Республика,2014,5.6350913,62.705124
Карачаево-Черкесская Республика,2015,5.2910666,57.51269
Карачаево-Черкесская Республика,2016,4.760414,60.23537
Карачаево-Черкесская Республика,2017,4.980967,59.313435
Карачаево-Черкесская Республика,2018,6.1839166,51.704304
Карачаево-Черкесская Республика,2019,5.542,51.899292
Карачаево-Черкесская Республика,2020,5.4574585,49.34635
Карачаево-Черкесская Республика,2021,5.1717963,66.76112
Карачаево-Черкесская Республика,2022,5.2617517,44.840824
Карачаево-Черкесская Республика,2023,6.169825,32.98519
Кемеровская область,2006,1.5217539,36.31172
Кемеровская область,2007,3.3704834,34.174904
Кемеровская область,2008,2.2810783,33.15101
Кемеровская область,2009,0.67126846,39.440582
Кемеровская область,2010,-0.56941986,32.442665
Кемеровская область,2011,1.6610794,25.94121
Кемеровская область,2012,1.1017164,25.393166
Кемеровская область,2013,2.5084763,40.27835
Кемеровская область,2014,1.8141264,33.310425
Кемеровская область,2015,3.3747253,39.870316
Кемеровская область,2016,2.1971004,28.217394
Кемеровская область,2017,2.7233174,35.05019
Кемеровская область,2018,0.90038806,29.949705
Кемеровская область,2019,2.2812576,26.85154
Кемеровская область,2020,3.874939,31.305405
Кемеровская область,2021,2.1022975,33.58159
Кемеровская область,2022,2.053744,21.980896
Кемеровская область,2023,2.9208019,16.664276
Кировская область,2006,2.6776783,24.275747
Кировская область,2007,3.6504314,27.47411
Кировская область,2008,4.739573,25.612108
Кировская область,2009,3.0985157,22.539446
Кировская область,2010,3.0103328,19.359612
Кировская область,2011,3.1006966,22.251049
Кировская область,2012,3.110667,24.844788
Кировская область,2013,4.075208,22.498508
Кировская область,2014,3.1542969,20.960312
Кировская область,2015,3.9987488,26.301533
Кировская область,2016,3.9596329,22.420977
Кировская область,2017,3.134613,27.906544
Кировская область,2018,2.8414688,22.679407
Кировская область,2019,3.670255,27.385805
Кировская область,2020,4.610128,24.968693
Кировская область,2021,3.2881699,22.39078
Кировская область,2022,3.8081386,18.7636
Кировская область,2023,4.218328,11.178765
Костромская область,2006,3.519638,25.581484
Костромская область,2007,4.6530356,23.761932
Костромская область,2008,5.092926,28.00248
Костромская область,2009,3.9308727,24.056787
Костромская область,2010,3.7974422,21.39756
Костромская область,2011,3.8879673,23.028168
Костромская область,2012,3.4207256,26.81239
Костромская область,2013,4.622083,22.94608
Костромская область,2014,4.4492188,20.231743
Костромская область,2015,4.866913,24.326324
Костромская область,2016,4.5748672,25.355156
Костромская область,2017,3.840505,27.0097
Костромская область,2018,3.8751602,22.92816
Костромская область,2019,4.7651443,25.964382
Костромская область,2020,5.4159546,23.135895
Костромская область,2021,4.070559,21.700928
Костромская область,2022,4.345411,18.097095
Костромская область,2023,4.7020516,12.274105
Краснодарский край,2006,11.589462,20.312239
Краснодарский край,2007,13.179565,18.784725
Краснодарский край,2008,12.0520735,15.678741
Краснодарский край,2009,12.526088,22.105703
Краснодарский край,2010,13.612546,20.743452
Краснодарский край,2011,11.067818,18.14876
Краснодарский край,2012,12.525868,15.6857605
Краснодарский край,2013,13.032239,17.983978
Краснодарский край,2014,12.502441,19.894701
Краснодарский край,2015,13.097707,18.567085
Краснодарский край,2016,12.453937,22.083412
Краснодарский край,2017,13.05779,17.759796
Краснодарский край,2018,13.338702,15.9178705
Краснодарский край,2019,13.365242,16.982708
Краснодарский край,2020,13.474385,12.538107
Краснодарский край,2021,12.328372,28.671928
Краснодарский край,2022,12.769402,15.709862
Краснодарский край,2023,13.380437,16.306187
Красноярский край,2006,-8.402564,18.865694
Красноярский край,2007,-6.0256767,24.30933
Красноярский край,2008,-6.7625413,23.66282
Красноярский край,2009,-8.736611,15.516566
Красноярский край,2010,-9.883548,21.217697
Красноярский край,2011,-5.710665,22.016445
Красноярский край,2012,-7.885587,17.186434
Красноярский край,2013,-6.3295784,20.019386
Красноярский край,2014,-7.6372094,20.732996
Красноярский край,2015,-5.828077,23.518965
Красноярский край,2016,-5.8821654,14.009926
Красноярский край,2017,-5.9046135,22.429604
Красноярский край,2018,-6.973474,17.935734
Красноярский край,2019,-5.2817283,22.342596
Красноярский край,2020,-3.4032185,23.885147
Красноярский край,2021,-7.976477,19.1238
Красноярский край,2022,-5.8552704,19.070286
Красноярский край,2023,-6.6563478,11.329735
Курганская область,2006,2.6198986,19.305912
Курганская область,2007,3.6486409,17.85212
Курганская область,2008,4.4379783,18.437088
Курганская область,2009,2.7935028,15.05913
Курганская область,2010,2.6109173,11.485703
Курганская область,2011,2.3337681,16.341883
Курганская область,2012,3.6192944,13.088353
Курганская область,2013,3.7015102,16.4782
Курганская область,2014,2.3523762,17.913815
Курганская область,2015,3.4126484,18.837019
Курганская область,2016,2.975909,17.757063
Курганская область,2017,3.1699321,14.694522
Курганская область,2018,2.1533177,14.893423
Курганская область,2019,3.4925206,16.71959
Курганская область,2020,5.388448,15.27729
Курганская область,2021,3.8672714,10.674463
Курганская область,2022,3.3986332,13.874405
Курганская область,2023,4.866928,7.6380377
Курская область,2006,6.247503,23.121056
Курская область,2007,7.9240317,21.363281
Курская область,2008,7.938955,17.949411
Курская область,2009,7.3820443,20.130733
Курская область,2010,7.864988,19.721367
Курская область,2011,6.7746863,17.869572
Курская область,2012,7.317698,22.331535
Курская область,2013,7.7094855,20.283308
Курская область,2014,7.635254,15.583624
Курская область,2015,8.044647,19.560345
Курская область,2016,7.338539,29.381435
Курская область,2017,7.6066184,21.159954
Курская область,2018,7.1961236,17.568838
Курская область,2019,8.5553465,19.717495
Курская область,2020,9.082622,18.536116
Курская область,2021,7.3745956,21.33834
Курская область,2022,7.560743,21.125532
Курская область,2023,8.180893,13.240503
Ленинградская область,2006,4.9934335,24.797697
Ленинградская область,2007,5.6372476,25.333714
Ленинградская область,2008,6.1225486,28.969034
Ленинградская область,2009,5.100306,32.9388
Ленинградская область,2010,4.29907,25.744392
Ленинградская область,2011,5.464953,29.142838
Ленинградская область,2012,4.2509665,30.430511
Ленинградская область,2013,5.601087,26.643698
Ленинградская область,2014,6.200358,23.299341
Ленинградская область,2015,6.555227,26.714169
Ленинградская область,2016,5.6432266,31.725723
Ленинградская область,2017,5.2166443,32.14196
Ленинградская область,2018,5.6736627,24.236734
Ленинградская область,2019,6.0870843,29.943127
Ленинградская область,2020,7.4424844,27.404936
Ленинградская область,2021,5.1260605,31.100285
Ленинградская область,2022,5.521843,24.634048
Ленинградская область,2023,5.8361664,14.772804
Липецкая область,2006,5.6448007,21.79907
Липецкая область,2007,7.4056396,19.985703
Липецкая область,2008,7.727366,17.488205
Липецкая область,2009,6.765508,17.716045
Липецкая область,2010,7.220131,17.753876
Липецкая область,2011,6.2934036,18.529007
Липецкая область,2012,6.715973,23.178377
Липецкая область,2013,7.2807746,19.98837
Липецкая область,2014,7.3183594,13.529186
Липецкая область,2015,7.6965027,19.776716
Липецкая область,2016,7.0364556,25.610435
Липецкая область,2017,7.0032654,21.562307
Липецкая область,2018,6.8131485,15.764589
Липецкая область,2019,8.047534,19.568542
Липецкая область,2020,8.568787,16.62887
Липецкая область,2021,7.094973,19.443394
Липецкая область,2022,7.438021,21.29671
Липецкая область,2023,7.7682953,12.503637
Московская область,2006,5.0110116,22.222494
Московская область,2007,6.6628013,21.992405
Московская область,2008,6.9300027,23.903944
Московская область,2009,5.8263803,22.560621
Московская область,2010,6.1369605,19.285425
Московская область,2011,6.0442176,19.433954
Московская область,2012,5.262848,27.853163
Московская область,2013,6.122246,28.997902
Московская область,2014,6.5001626,15.000832
Московская область,2015,6.8713074,20.101652
Московская область,2016,6.107908,26.085299
Московская область,2017,5.814138,23.282665
Московская область,2018,6.020668,16.841757
Московская область,2019,7.26547,20.886946
Московская область,2020,7.654236,22.371645
Московская область,2021,5.8617377,25.650993
Московская область,2022,6.2560554,19.23504
Московская область,2023,6.569239,14.368475
Нижегородская область,2006,4.4766693,23.473751
Нижегородская область,2007,5.9056396,21.753944
Нижегородская область,2008,6.5030823,23.072332
Нижегородская область,2009,5.31515,20.071001
Нижегородская область,2010,5.711342,17.221771
Нижегородская область,2011,4.7125115,21.545599
Нижегородская область,2012,5.113922,23.907372
Нижегородская область,2013,5.8045373,26.815546
Нижегородская область,2014,5.627279,15.892427
Нижегородская область,2015,6.0547385,19.487068
Нижегородская область,2016,5.851397,21.917452
Нижегородская область,2017,5.286957,24.051472
Нижегородская область,2018,5.1331353,16.384865
Нижегородская область,2019,6.179695,18.635262
Нижегородская область,2020,6.3575234,19.657629
Нижегородская область,2021,5.5734887,19.353815
Нижегородская область,2022,5.674024,17.348059
Нижегородская область,2023,6.1133475,12.088098
Новгородская область,2006,5.528427,24.974731
Новгородская область,2007,6.12618,22.419964
Новгородская область,2008,6.753245,29.750937
Новгородская область,2009,5.641159,33.30888
Новгородская область,2010,5.2562637,24.905615
Новгородская область,2011,6.0992303,27.708122
Новгородская область,2012,4.911123,28.155565
Новгородская область,2013,6.059746,24.867346
Новгородская область,2014,6.529297,23.967754
Новгородская область,2015,6.950897,21.69223
Новгородская область,2016,6.132322,30.73767
Новгородская область,2017,5.6103616,30.226482
Новгородская область,2018,6.1329727,23.784021
Новгородская область,2019,6.9282303,32.948578
Новгородская область,2020,7.700297,28.114954
Новгородская область,2021,5.6735864,29.586391
Новгородская область,2022,5.976921,19.479536
Новгородская область,2023,6.445379,14.721582
Новосибирская область,2006,0.9457448,15.814272
Новосибирская область,2007,2.8066814,17.021461
Новосибирская область,2008,2.6894443,15.815281
Новосибирская область,2009,0.23083751,20.811203
Новосибирская область,2010,-0.8028183,16.768665
Новосибирская область,2011,1.6426874,17.57423
Новосибирская область,2012,1.3886642,12.5736
Новосибирская область,2013,1.882337,20.808731
Новосибирская область,2014,1.0763321,15.499365
Новосибирская область,2015,2.6667175,22.197313
Новосибирская область,2016,2.0372696,15.983891
Новосибирская область,2017,2.2057393,14.514631
Новосибирская область,2018,0.3024063,20.385633
Новосибирская область,2019,2.2895584,15.1208515
Новосибирская область,2020,4.319926,16.315954
Новосибирская область,2021,1.6517767,15.005836
Новосибирская область,2022,2.1401699,12.78526
Новосибирская область,2023,3.1538746,9.109964
Омская область,2006,0.98138934,19.290415
Омская область,2007,2.7366943,20.769478
Омская область,2008,3.300935,14.151254
Омская область,2009,0.78780365,16.398506
Омская область,2010,-0.14787038,13.553828
Омская область,2011,1.1827265,16.007158
Омская область,2012,1.7853113,15.098683
Омская область,2013,2.1290817,16.57224
Омская область,2014,0.9920222,17.733809
Омская область,2015,2.2754414,19.21247
Омская область,2016,1.8559545,15.480448
Омская область,2017,2.1826274,13.805418
Омская область,2018,0.17268626,20.869682
Омская область,2019,2.3676834,15.386019
Омская область,2020,4.4651084,15.504369
Омская область,2021,1.7354355,14.417042
Омская область,2022,2.1925786,12.27295
Омская область,2023,3.494044,8.337166
Оренбургская область,2006,5.2735443,16.550724
Оренбургская область,2007,5.5866294,18.241718
Оренбургская область,2008,6.1498923,18.406004
Оренбургская область,2009,5.667038,15.570739
Оренбургская область,2010,6.461342,12.216784
Оренбургская область,2011,4.046496,16.828472
Оренбургская область,2012,6.8113503,11.465967
Оренбургская область,2013,6.363945,18.841196
Оренбургская область,2014,5.122721,11.509356
Оренбургская область,2015,5.901581,14.817617
Оренбургская область,2016,6.145668,17.175596
Оренбургская область,2017,5.6634216,13.556915
Оренбургская область,2018,4.996905,11.46693
Оренбургская область,2019,5.751798,16.803476
Оренбургская область,2020,6.8080444,13.084771
Оренбургская область,2021,6.5939965,12.569678
Оренбургская область,2022,5.980339,13.15906
Оренбургская область,2023,6.735743,9.859978
Орловская область,2006,5.605738,25.824745
Орловская область,2007,7.134969,21.892723
Орловская область,2008,7.4308167,21.11955
Орловская область,2009,6.590866,21.21474
Орловская область,2010,7.176348,19.267618
Орловская область,2011,6.1496863,20.69504
Орловская область,2012,6.4397683,23.723118
Орловская область,2013,6.9227014,21.241499
Орловская область,2014,7.0818686,14.654841
Орловская область,2015,7.5519714,21.103836
Орловская область,2016,6.635414,30.481901
Орловская область,2017,6.8668723,22.801075
Орловская область,2018,6.691892,16.160372
Орловская область,2019,7.895027,19.529263
Орловская область,2020,8.386658,21.33216
Орловская область,2021,6.5425644,24.98188
Орловская область,2022,6.753939,23.344923
Орловская область,2023,7.72907,12.527407
Пензенская область,2006,4.829534,25.271965
Пензенская область,2007,6.0469155,22.129875
Пензенская область,2008,6.645498,19.612194
Пензенская область,2009,5.8120575,16.720379
Пензенская область,2010,6.5575333,16.541117
Пензенская область,2011,4.6880975,26.002947
Пензенская область,2012,5.8466697,21.678553
Пензенская область,2013,6.322767,23.99787
Пензенская область,2014,5.5898438,17.067862
Пензенская область,2015,6.565806,19.041546
Пензенская область,2016,6.3395157,23.629
Пензенская область,2017,5.754242,22.889893
Пензенская область,2018,5.347328,16.288738
Пензенская область,2019,6.448738,17.62792
Пензенская область,2020,6.70697,20.278605
Пензенская область,2021,6.0331244,23.397026
Пензенская область,2022,6.5563483,18.893589
Пензенская область,2023,6.7103524,10.692643
Пермский край,2006,1.7903086,26.911465
Пермский край,2007,3.038615,25.727335
Пермский край,2008,4.0248923,26.508905
Пермский край,2009,2.1769664,23.823435
Пермский край,2010,2.0038223,20.848318
Пермский край,2011,2.4232876,22.998201
Пермский край,2012,2.8128154,24.120533
Пермский край,2013,3.2293422,25.175732
Пермский край,2014,1.9111328,24.041515
Пермский край,2015,2.8462422,28.823965
Пермский край,2016,3.5244114,20.627964
Пермский край,2017,2.568858,26.18623
Пермский край,2018,2.1682918,22.999163
Пермский край,2019,2.8925858,32.859165
Пермский край,2020,4.339457,22.316763
Пермский край,2021,2.972903,22.902187
Пермский край,2022,3.442253,17.396305
Пермский край,2023,4.2744803,9.419965
Приморский край,2006,1.315862,28.905308
Приморский край,2007,2.4173584,29.070639
Приморский край,2008,2.1246655,25.61877
Приморский край,2009,1.0145302,28.301994
Приморский край,2010,1.0537897,34.633698
Приморский край,2011,0.8671341,30.66049
Приморский край,2012,0.8543218,31.436764
Приморский край,2013,1.2306442,32.974174
Приморский край,2014,1.4560534,26.051846
Приморский край,2015,2.2078946,31.591312
Приморский край,2016,1.090004,36.18012
Приморский край,2017,1.5651144,29.348587
Приморский край,2018,1.7548815,30.871752
Приморский край,2019,2.4025154,28.39336
Приморский край,2020,2.140564,35.997185
Приморский край,2021,2.4663937,27.01585
Приморский край,2022,2.0937831,29.204224
Приморский край,2023,2.1880531,20.9545
Псковская область,2006,6.320582,23.29461
Псковская область,2007,6.735067,24.910711
Псковская область,2008,7.350901,28.596245
Псковская область,2009,5.9798636,29.194916
Псковская область,2010,5.561765,24.430923
Псковская область,2011,6.8166785,23.175152
Псковская область,2012,5.4117737,30.005434
Псковская область,2013,6.553724,22.062336
Псковская область,2014,6.998535,22.453283
Псковская область,2015,7.5301614,21.6702
Псковская область,2016,6.554685,28.942886
Псковская область,2017,6.1770935,32.11004
Псковская область,2018,7.060707,19.662212
Псковская область,2019,7.4993567,29.009651
Псковская область,2020,8.366313,24.024414
Псковская область,2021,6.267011,26.069801
Псковская область,2022,6.5171227,18.84808
Псковская область,2023,7.143946,13.543068
Республика Адыгея,2006,11.108342,30.38918
Республика Адыгея,2007,12.160359,27.046637
Республика Адыгея,2008,11.546376,24.100819
Республика Адыгея,2009,11.8224745,28.6944
Республика Адыгея,2010,13.309323,28.167904
Республика Адыгея,2011,10.283475,29.664764
Республика Адыгея,2012,11.7239485,23.944527
Республика Адыгея,2013,12.278171,24.326887
Республика Адыгея,2014,12.156087,26.071606
Республика Адыгея,2015,12.503632,24.664356
Республика Адыгея,2016,11.85807,29.352707
Республика Адыгея,2017,12.188487,25.81596
Республика Адыгея,2018,13.279945,22.438328
Республика Адыгея,2019,12.806323,22.162605
Республика Адыгея,2020,13.08376,18.809664
Республика Адыгея,2021,11.889407,33.8801
Республика Адыгея,2022,12.4168625,21.003567
Республика Адыгея,2023,13.23558,16.26539
Республика Алтай,2006,-2.7596588,27.194504
Республика Алтай,2007,-1.820273,23.756653
Республика Алтай,2008,-2.682462,24.10929
Республика Алтай,2009,-3.269324,31.503395
Республика Алтай,2010,-3.7775905,27.79533
Республика Алтай,2011,-3.1618373,18.766659
Республика Алтай,2012,-2.941578,23.250498
Республика Алтай,2013,-2.424305,28.433329
Республика Алтай,2014,-3.5366237,25.023182
Республика Алтай,2015,-2.4761875,29.96067
Республика Алтай,2016,-2.896487,26.576307
Республика Алтай,2017,-2.1334534,23.0239
Республика Алтай,2018,-3.6556015,24.788458
Республика Алтай,2019,-2.4689038,25.769348
Республика Алтай,2020,-2.1908162,26.124033
Республика Алтай,2021,-2.630286,25.217184
Республика Алтай,2022,-2.9955711,18.731892
Республика Алтай,2023,-2.3139,15.580338
Республика Башкортостан,2006,4.343531,25.099691
Республика Башкортостан,2007,4.518921,26.08098
Республика Башкортостан,2008,5.685537,21.171629
Республика Башкортостан,2009,4.6307425,16.589285
Республика Башкортостан,2010,5.039467,15.920199
Республика Башкортостан,2011,3.3856888,21.189371
Республика Башкортостан,2012,5.428701,17.715008
Республика Башкортостан,2013,5.4075646,22.796635
Республика Башкортостан,2014,3.9379883,20.307991
Республика Башкортостан,2015,4.8366394,24.775177
Республика Башкортостан,2016,5.4477515,18.02695
Республика Башкортостан,2017,4.4861755,24.11862
Республика Башкортостан,2018,3.6969376,17.487946
Республика Башкортостан,2019,4.8860755,22.051113
Республика Башкортостан,2020,5.7497764,20.619648
Республика Башкортостан,2021,5.675377,16.901594
Республика Башкортостан,2022,4.730339,18.800325
Республика Башкортостан,2023,5.82282,10.644619
Республика Бурятия,2006,-3.6792564,14.949789
Республика Бурятия,2007,-1.1147066,16.816101
Республика Бурятия,2008,-2.5029373,19.452528
Республика Бурятия,2009,-3.6942928,18.38796
Республика Бурятия,2010,-4.197512,14.217951
Республика Бурятия,2011,-2.2417514,13.388621
Республика Бурятия,2012,-4.597177,17.210678
Республика Бурятия,2013,-3.5606983,15.398417
Республика Бурятия,2014,-2.31413,12.672466
Республика Бурятия,2015,-1.9468918,11.381909
Республика Бурятия,2016,-2.9500363,13.290669
Республика Бурятия,2017,-2.4207256,14.924611
Республика Бурятия,2018,-3.0948918,16.821358
Республика Бурятия,2019,-2.7343647,14.495972
Республика Бурятия,2020,-1.8145142,20.201931
Республика Бурятия,2021,-3.1216595,18.228268
Республика Бурятия,2022,-3.2717755,11.488754
Республика Бурятия,2023,-2.9681969,10.620287
Республика Дагестан,2006,10.843205,23.870533
Республика Дагестан,2007,11.120646,20.489279
Республика Дагестан,2008,10.663727,26.196518
Республика Дагестан,2009,10.8276825,29.562206
Республика Дагестан,2010,12.359942,21.753914
Республика Дагестан,2011,10.057727,23.927526
Республика Дагестан,2012,11.374501,21.630884
Республика Дагестан,2013,11.127292,28.171856
Республика Дагестан,2014,11.349121,22.858982
Республика Дагестан,2015,11.391978,25.777668
Республика Дагестан,2016,10.997556,30.089754
Республика Дагестан,2017,11.287282,22.337502
Республика Дагестан,2018,11.925616,22.409122
Республика Дагестан,2019,11.689786,21.598373
Республика Дагестан,2020,12.020935,20.934896
Республика Дагестан,2021,11.872968,22.757435
Республика Дагестан,2022,11.874382,18.062317
Республика Дагестан,2023,12.360255,11.52558
Республика Ингушетия,2006,8.915634,28.060114
Республика Ингушетия,2007,9.384318,25.209103
Республика Ингушетия,2008,8.978993,30.073545
Республика Ингушетия,2009,9.228398,32.25764
Республика Ингушетия,2010,10.645099,24.541922
Республика Ингушетия,2011,7.9172645,28.682621
Республика Ингушетия,2012,9.3142805,25.36353
Республика Ингушетия,2013,9.396497,27.851341
Республика Ингушетия,2014,9.583008,27.686033
Республика Ингушетия,2015,9.914276,23.30783
Республика Ингушетия,2016,9.270343,32.381508
Республика Ингушетия,2017,9.624196,24.300846
Республика Ингушетия,2018,10.276527,23.692276
Республика Ингушетия,2019,9.999194,21.821175
Республика Ингушетия,2020,10.257426,20.192059
Республика Ингушетия,2021,9.999759,24.443727
Республика Ингушетия,2022,9.915723,18.965061
Республика Ингушетия,2023,10.490138,12.074851
Республика Калмыкия,2006,11.160426,10.936519
Республика Калмыкия,2007,12.068237,9.660192
Республика Калмыкия,2008,11.156728,9.70687
Республика Калмыкия,2009,11.215053,10.555619
Республика Калмыкия,2010,12.671628,10.502547
Республика Калмыкия,2011,10.633736,11.037203
Республика Калмыкия,2012,11.434723,7.42396
Республика Калмыкия,2013,12.115247,10.369618
Республика Калмыкия,2014,11.466309,8.962032
Республика Калмыкия,2015,12.265676,9.045466
Республика Калмыкия,2016,11.692706,11.898492
Республика Калмыкия,2017,11.891286,9.193904
Республика Калмыкия,2018,11.67171,11.569063
Республика Калмыкия,2019,12.015796,9.086493
Республика Калмыкия,2020,12.637146,8.770259
Республика Калмыкия,2021,12.24097,12.532857
Республика Калмыкия,2022,12.221875,7.7541585
Республика Калмыкия,2023,12.771062,6.6996646
Республика Карелия,2006,3.080185,21.913034
Республика Карелия,2007,3.6116943,24.503134
Республика Карелия,2008,3.7709858,25.150389
Республика Карелия,2009,2.8115692,25.416227
Республика Карелия,2010,2.0230281,21.851294
Республика Карелия,2011,3.8974075,23.037899
Республика Карелия,2012,2.0709534,26.370302
Республика Карелия,2013,4.175306,23.129364
Республика Карелия,2014,4.4296875,18.208508
Республика Карелия,2015,4.4622903,24.420113
Республика Карелия,2016,3.9383113,28.057043
Республика Карелия,2017,3.2754009,25.419659
Республика Карелия,2018,3.9679337,21.12932
Республика Карелия,2019,3.9329503,24.662125
Республика Карелия,2020,5.1042686,25.642776
Республика Карелия,2021,3.3868027,21.093094
Республика Карелия,2022,4.0739264,19.6176
Республика Карелия,2023,3.7792003,15.042509
Республика Коми,2006,-1.5526289,24.606798
Республика Коми,2007,0.90124387,25.310547
Республика Коми,2008,0.6904195,24.90914
Республика Коми,2009,-1.3926951,22.400396
Республика Коми,2010,-0.9995969,20.677664
Республика Коми,2011,0.545358,21.73406
Республика Коми,2012,-0.018889109,22.014544
Республика Коми,2013,0.16000621,20.21539
Республика Коми,2014,-0.67366666,21.244576
Республика Коми,2015,0.2977384,23.381569
Республика Коми,2016,1.2265587,20.113367
Республика Коми,2017,0.8282979,27.55536
Республика Коми,2018,0.1848933,22.351297
Республика Коми,2019,-0.03075409,31.172323
Республика Коми,2020,1.9708048,22.719103
Республика Коми,2021,-0.97192127,24.30041
Республика Коми,2022,1.1199875,16.569254
Республика Коми,2023,1.3143564,12.089118
Республика Крым,2006,10.063909,21.923779
Республика Крым,2007,11.459676,17.6525
Республика Крым,2008,10.740875,16.250984
Республика Крым,2009,11.26209,20.188408
Республика Крым,2010,11.759845,25.204077
Республика Крым,2011,9.819771,16.564938
Республика Крым,2012,11.54068,16.691582
Республика Крым,2013,11.12013,24.77472
Республика Крым,2014,11.299316,20.110239
Республика Крым,2015,11.011607,24.561123
Республика Крым,2016,11.018227,22.382658
Республика Крым,2017,11.148936,19.996956
Республика Крым,2018,11.602862,19.805979
Республика Крым,2019,11.579272,16.054455
Республика Крым,2020,11.833598,16.393581
Республика Крым,2021,10.708905,28.704369
Республика Крым,2022,10.874545,20.393
Республика Крым,2023,11.931381,14.951096
Республика Марий Эл,2006,3.9000092,25.72534
Республика Марий Эл,2007,4.9167075,25.464405
Республика Марий Эл,2008,5.899404,23.124605
Республика Марий Эл,2009,4.6844535,18.466898
Республика Марий Эл,2010,4.9265113,17.13936
Республика Марий Эл,2011,3.9281693,25.399471
Республика Марий Эл,2012,4.1871643,25.253796
Республика Марий Эл,2013,5.119316,22.747894
Республика Марий Эл,2014,4.5974936,20.48673
Республика Марий Эл,2015,5.2591653,23.505621
Республика Марий Эл,2016,5.1495743,22.028032
Республика Марий Эл,2017,4.319834,25.346182
Республика Марий Эл,2018,3.98128,18.819149
Республика Марий Эл,2019,5.0529046,22.32572
Республика Марий Эл,2020,5.6421914,22.573906
Республика Марий Эл,2021,4.6613793,19.847822
Республика Марий Эл,2022,4.7282233,20.944572
Республика Марий Эл,2023,5.4806976,9.332232
Республика Мордовия,2006,4.402288,25.955614
Республика Мордовия,2007,5.8175864,22.93079
Республика Мордовия,2008,6.481598,23.768538
Республика Мордовия,2009,5.4058075,19.94791
Республика Мордовия,2010,5.9219537,19.757309
Республика Мордовия,2011,4.5230584,23.612934
Республика Мордовия,2012,5.374176,22.7658
Республика Мордовия,2013,5.9178185,25.25158
Республика Мордовия,2014,5.347819,17.022547
Республика Мордовия,2015,6.0635276,20.66581
Республика Мордовия,2016,5.930987,22.683594
Республика Мордовия,2017,5.3157654,25.506577
Республика Мордовия,2018,5.0802383,15.343252
Республика Мордовия,2019,6.2439857,16.427982
Республика Мордовия,2020,6.3747764,21.76998
Республика Мордовия,2021,5.6647973,19.971699
Республика Мордовия,2022,5.834343,20.41527
Республика Мордовия,2023,6.3184257,11.45063
Республика Саха (Якутия),2006,-13.015519,13.612938
Республика Саха (Якутия),2007,-12.587852,12.51236
Республика Саха (Якутия),2008,-12.194996,9.581753
Республика Саха (Якутия),2009,-13.228799,11.766792
Республика Саха (Якутия),2010,-12.494713,9.629429
Республика Саха (Якутия),2011,-12.497939,11.761862
Республика Саха (Якутия),2012,-12.169278,9.833433
Республика Саха (Якутия),2013,-12.717762,9.934802
Республика Саха (Якутия),2014,-12.548992,12.578454
Республика Саха (Якутия),2015,-12.657828,12.235887
Республика Саха (Якутия),2016,-12.5411825,13.501804
Республика Саха (Якутия),2017,-12.093415,10.121188
Республика Саха (Якутия),2018,-11.446782,9.062152
Республика Саха (Якутия),2019,-11.935372,8.167322
Республика Саха (Якутия),2020,-10.707742,11.478686
Республика Саха (Якутия),2021,-11.643795,10.272824
Республика Саха (Якутия),2022,-11.668096,13.851814
Республика Саха (Якутия),2023,-12.622658,6.1440916
Республика Северная Осетия-Алания,2006,7.6260834,45.77632
Республика Северная Осетия-Алания,2007,7.8221436,42.937885
Республика Северная Осетия-Алания,2008,7.567698,47.660755
Республика Северная Осетия-Алания,2009,7.8616996,52.62884
Республика Северная Осетия-Алания,2010,9.645424,42.774975
Республика Северная Осетия-Алания,2011,6.644152,45.148136
Республика Северная Осетия-Алания,2012,8.0989485,40.594334
Республика Северная Осетия-Алания,2013,8.115247,42.345623
Республика Северная Осетия-Алания,2014,8.331218,47.57339
Республика Северная Осетия-Алания,2015,8.47173,42.02848
Республика Северная Осетия-Алания,2016,7.8248672,50.32819
Республика Северная Осетия-Алания,2017,8.394379,41.23582
Республика Северная Осетия-Алания,2018,9.087888,44.39861
Республика Северная Осетия-Алания,2019,8.704597,38.645695
Республика Северная Осетия-Алания,2020,8.700134,34.646557
Республика Северная Осетия-Алания,2021,8.459231,38.9215
Республика Северная Осетия-Алания,2022,8.41198,33.70286
Республика Северная Осетия-Алания,2023,9.030014,21.49522
Республика Татарстан,2006,4.2061615,22.474003
Республика Татарстан,2007,4.9165444,24.282244
Республика Татарстан,2008,5.959951,21.839165
Республика Татарстан,2009,4.890345,13.812425
Республика Татарстан,2010,5.193438,15.120596
Республика Татарстан,2011,3.7704556,23.06221
Республика Татарстан,2012,5.0484924,20.386883
Республика Татарстан,2013,5.634127,20.614897
Республика Татарстан,2014,4.2618814,21.17465
Республика Татарстан,2015,5.3250833,20.947903
Республика Татарстан,2016,5.575681,20.907183
Республика Татарстан,2017,4.6687927,21.429708
Республика Татарстан,2018,4.134275,17.04334
Республика Татарстан,2019,5.1626053,21.339354
Республика Татарстан,2020,6.075297,18.917093
Республика Татарстан,2021,5.3257675,17.26553
Республика Татарстан,2022,5.1611657,19.8331
Республика Татарстан,2023,6.1270194,8.423046
Республика Тыва,2006,0.54812115,15.259897
Республика Тыва,2007,1.7879639,9.66895
Республика Тыва,2008,1.384594,12.514622
Республика Тыва,2009,0.20886485,13.290161
Республика Тыва,2010,-1.1244329,14.754132
Республика Тыва,2011,0.061958313,11.478367
Республика Тыва,2012,-0.40039954,9.753794
Республика Тыва,2013,0.8698044,12.41335
Республика Тыва,2014,0.5545222,9.889212
Республика Тыва,2015,1.3210131,11.21711
Республика Тыва,2016,0.2609024,13.627771
Республика Тыва,2017,1.6355883,12.308075
Республика Тыва,2018,-0.18001556,18.225525
Республика Тыва,2019,0.705087,13.687278
Республика Тыва,2020,1.3350626,16.80141
Республика Тыва,2021,0.48934174,15.104
Республика Тыва,2022,0.23766454,6.461021
Республика Тыва,2023,1.011458,6.2943287
Республика Хакасия,2006,-0.3630117,21.283802
Республика Хакасия,2007,1.5882568,19.939854
Республика Хакасия,2008,1.0377516,22.247345
Республика Хакасия,2009,-0.50337344,22.482494
Республика Хакасия,2010,-1.8122584,20.496256
Республика Хакасия,2011,0.23692577,15.6042
Республика Хакасия,2012,-0.5517667,19.811728
Республика Хакасия,2013,0.34359995,19.564194
Республика Хакасия,2014,-0.29850388,19.301903
Республика Хакасия,2015,1.3221537,19.429722
Республика Хакасия,2016,-0.4721705,22.61972
Республика Хакасия,2017,1.2233175,17.805649
Республика Хакасия,2018,-0.8385442,17.968859
Республика Хакасия,2019,0.13428497,21.198215
Республика Хакасия,2020,1.5922241,18.098164
Республика Хакасия,2021,0.22859955,20.073847
Республика Хакасия,2022,-0.11634064,11.9954195
Республика Хакасия,2023,0.4984385,10.17103
Ростовская область,2006,10.292587,16.983774
Ростовская область,2007,11.914592,13.101365
Ростовская область,2008,10.41275,15.489922
Ростовская область,2009,10.768764,16.635927
Ростовская область,2010,11.86987,17.395004
Ростовская область,2011,9.741646,15.293727
Ростовская область,2012,10.786611,14.675699
Ростовская область,2013,11.358249,16.822462
Ростовская область,2014,10.654134,14.711057
Ростовская область,2015,11.509491,14.968
Ростовская область,2016,10.982094,19.984919
Ростовская область,2017,11.382172,16.307003
Ростовская область,2018,11.17171,14.0967245
Ростовская область,2019,11.733894,13.911205
Ростовская область,2020,11.910747,13.424779
Ростовская область,2021,11.065351,22.171253
Ростовская область,2022,11.524284,13.749871
Ростовская область,2023,11.729884,10.922525
Рязанская область,2006,5.237574,25.284853
Рязанская область,2007,7.089396,20.449627
Рязанская область,2008,7.3310447,24.457357
Рязанская область,2009,6.1374154,21.771156
Рязанская область,2010,6.708412,16.163624
Рязанская область,2011,6.0201287,17.906101
Рязанская область,2012,6.068512,22.797897
Рязанская область,2013,6.822441,23.509045
Рязанская область,2014,6.622721,15.734602
Рязанская область,2015,7.251516,20.259396
Рязанская область,2016,6.6276016,24.653908
Рязанская область,2017,6.369802,24.269836
Рязанская область,2018,6.4182916,15.216033
Рязанская область,2019,7.449389,18.145653
Рязанская область,2020,7.8711953,19.171307
Рязанская область,2021,6.5235214,22.742727
Рязанская область,2022,6.692904,19.892267
Рязанская область,2023,7.1589203,11.521189
Самарская область,2006,5.471298,18.311035
Самарская область,2007,6.1997476,20.904486
Самарская область,2008,7.1367087,16.625904
Самарская область,2009,6.303431,12.335265
Самарская область,2010,7.178627,11.910513
Самарская область,2011,4.650988,22.725622
Самарская область,2012,6.9573464,15.805178
Самарская область,2013,6.9674606,18.942808
Самарская область,2014,5.770345,14.262136
Самарская область,2015,6.6948752,18.659048
Самарская область,2016,6.7478814,19.72868
Самарская область,2017,6.0561624,18.545135
Самарская область,2018,5.5441055,11.757086
Самарская область,2019,6.5906653,15.417706
Самарская область,2020,7.256124,15.014374
Самарская область,2021,7.10718,15.332991
Самарская область,2022,6.619011,17.481894
Самарская область,2023,7.412989,9.357806
Саратовская область,2006,6.4879,17.484163
Саратовская область,2007,7.7482505,15.984721
Саратовская область,2008,8.099111,13.845467
Саратовская область,2009,7.1829886,12.376928
Саратовская область,2010,8.022214,14.442831
Саратовская область,2011,5.9831824,16.714397
Саратовская область,2012,7.5322165,13.54263
Саратовская область,2013,7.8691535,17.04019
Саратовская область,2014,6.8751626,13.505574
Саратовская область,2015,8.201874,15.228211
Саратовская область,2016,8.100421,17.239618
Саратовская область,2017,7.4747825,17.472095
Саратовская область,2018,6.41406,14.065581
Саратовская область,2019,7.7555413,13.356912
Саратовская область,2020,8.334249,12.309761
Саратовская область,2021,7.8680854,16.816587
Саратовская область,2022,7.867058,17.727316
Саратовская область,2023,8.20726,8.490889
Свердловская область,2006,0.8567149,22.051987
Свердловская область,2007,2.8117256,19.947618
Свердловская область,2008,3.5024312,21.503918
Свердловская область,2009,1.2726694,20.266504
Свердловская область,2010,1.1214968,14.952578
Свердловская область,2011,1.946237,17.210665
Свердловская область,2012,2.3950107,17.885805
Свердловская область,2013,2.4225388,18.06542
Свердловская область,2014,0.97216797,22.442926
Свердловская область,2015,2.161021,21.84134
Свердловская область,2016,2.3618126,17.769384
Свердловская область,2017,2.2586353,21.160448
Свердловская область,2018,1.4793268,16.722898
Свердловская область,2019,2.5693436,25.14656
Свердловская область,2020,4.3664756,17.225863
Свердловская область,2021,2.4278183,12.690989
Свердловская область,2022,2.9059575,13.887342
Свердловская область,2023,3.8299816,8.233432
Смоленская область,2006,5.3773856,25.897127
Смоленская область,2007,6.4621177,24.351671
Смоленская область,2008,6.7809143,25.391914
Смоленская область,2009,5.863978,28.729485
Смоленская область,2010,6.039467,25.382393
Смоленская область,2011,6.1286902,25.357971
Смоленская область,2012,5.1904197,31.423054
Смоленская область,2013,6.087415,26.256521
Смоленская область,2014,6.626953,16.798336
Смоленская область,2015,7.1948752,19.39164
Смоленская область,2016,6.1508765,27.730387
Смоленская область,2017,6.051768,26.707186
Смоленская область,2018,6.185707,19.795504
Смоленская область,2019,7.362475,20.895947
Смоленская область,2020,7.8088584,28.259123
Смоленская область,2021,5.9328637,25.186647
Смоленская область,2022,6.1491218,20.144041
Смоленская область,2023,6.998113,13.335124
Ставропольский край,2006,10.785588,21.343527
Ставропольский край,2007,11.734904,17.977077
Ставропольский край,2008,10.55191,17.882236
Ставропольский край,2009,11.023646,20.767757
Ставропольский край,2010,12.32088,19.162373
Ставропольский край,2011,10.06619,17.64282
Ставропольский край,2012,11.318349,16.083889
Ставропольский край,2013,11.472018,19.62408
Ставропольский край,2014,11.217448,17.54247
Ставропольский край,2015,11.765676,15.4574585
Ставропольский край,2016,11.159665,21.801445
Ставропольский край,2017,11.681813,16.552656
Ставропольский край,2018,12.157875,16.755882
Ставропольский край,2019,12.144864,12.923818
Ставропольский край,2020,12.665955,12.071023
Ставропольский край,2021,11.736737,19.884792
Ставропольский край,2022,12.138217,11.485479
Ставропольский край,2023,12.457748,9.0796
Тамбовская область,2006,5.556259,24.141994
Тамбовская область,2007,7.4022217,18.712978
Тамбовская область,2008,7.552073,20.81176
Тамбовская область,2009,6.782435,17.689886
Тамбовская область,2010,7.381101,16.44756
Тамбовская область,2011,6.031359,20.907352
Тамбовская область,2012,6.682444,21.574825
Тамбовская область,2013,7.2828903,20.312254
Тамбовская область,2014,6.9842124,15.173313
Тамбовская область,2015,7.394094,21.255388
Тамбовская область,2016,7.029783,27.446625
Тамбовская область,2017,6.8341575,22.086887
Тамбовская область,2018,6.5706353,17.109367
Тамбовская область,2019,7.8426185,16.193586
Тамбовская область,2020,8.21283,18.793205
Тамбовская область,2021,7.0243354,22.258425
Тамбовская область,2022,7.21683,19.740246
Тамбовская область,2023,7.482488,11.725146
Тверская область,2006,4.8513436,22.115257
Тверская область,2007,5.8278403,22.579905
Тверская область,2008,6.3147683,25.642239
Тверская область,2009,5.3765106,28.671059
Тверская область,2010,5.1109185,26.31253
Тверская область,2011,5.75841,24.457785
Тверская область,2012,4.403961,30.152628
Тверская область,2013,5.667005,22.892838
Тверская область,2014,6.1512046,16.01035
Тверская область,2015,6.4731956,21.341875
Тверская область,2016,5.611651,26.022938
Тверская область,2017,5.2892356,24.881582
Тверская область,2018,5.6398087,20.018536
Тверская область,2019,6.687182,24.76393
Тверская область,2020,7.279724,28.136866
Тверская область,2021,5.376223,23.439583
Тверская область,2022,5.509636,18.470272
Тверская область,2023,5.989975,13.1556225
Томская область,2006,-1.2630781,18.839706
Томская область,2007,1.3716215,24.746946
Томская область,2008,0.97053146,24.563135
Томская область,2009,-1.6298395,17.24151
Томская область,2010,-2.6722844,22.670553
Томская область,2011,0.8824336,19.101711
Томская область,2012,0.2983322,13.247192
Томская область,2013,0.45330048,25.981066
Томская область,2014,-0.48226166,17.048468
Томская область,2015,1.6346537,24.151012
Томская область,2016,0.84439725,14.125366
Томская область,2017,1.3255297,18.54943
Томская область,2018,-0.9236679,21.867867
Томская область,2019,1.1495844,18.512796
Томская область,2020,3.116801,23.067804
Томская область,2021,-0.094317116,17.761444
Томская область,2022,0.87389374,16.051105
Томская область,2023,1.8387705,10.9892435
Тульская область,2006,4.928167,24.301779
Тульская область,2007,6.4805093,21.877632
Тульская область,2008,6.9125876,22.790655
Тульская область,2009,5.842331,21.009409
Тульская область,2010,6.338295,18.97636
Тульская область,2011,5.8275833,18.200825
Тульская область,2012,5.552887,24.954132
Тульская область,2013,6.080742,25.293392
Тульская область,2014,6.511556,14.145714
Тульская область,2015,7.063853,21.02629
Тульская область,2016,5.9449844,28.762167
Тульская область,2017,6.039561,23.61841
Тульская область,2018,5.9923477,15.496421
Тульская область,2019,7.285652,19.74872
Тульская область,2020,7.630961,22.82692
Тульская область,2021,5.883873,24.015133
Тульская область,2022,6.161817,21.861229
Тульская область,2023,6.728907,14.696552
Тюменская область,2006,-0.5020091,23.832565
Тюменская область,2007,1.8190498,24.793625
Тюменская область,2008,2.1079,19.26113
Тюменская область,2009,-0.07043203,18.740059
Тюменская область,2010,-1.1099472,17.972282
Тюменская область,2011,0.9148229,18.89662
Тюменская область,2012,1.2927984,17.31021
Тюменская область,2013,1.0481898,18.484657
Тюменская область,2014,-0.36832938,23.834927
Тюменская область,2015,1.2637228,24.968266
Тюменская область,2016,1.1033491,17.735813
Тюменская область,2017,1.3636156,17.414755
Тюменская область,2018,0.085936226,19.7735
Тюменская область,2019,1.3154373,20.87019
Тюменская область,2020,3.564392,20.80714
Тюменская область,2021,0.8859889,17.371555
Тюменская область,2022,1.1917648,15.330494
Тюменская область,2023,2.5746105,10.498606
Удмуртская Республика,2006,2.6968842,26.681576
Удмуртская Республика,2007,3.3776448,27.282495
Удмуртская Республика,2008,4.535797,23.964428
Удмуртская Республика,2009,2.9751434,20.255873
Удмуртская Республика,2010,3.38517,17.618246
Удмуртская Республика,2011,2.6644986,24.900871
Удмуртская Республика,2012,3.4550679,23.42736
Удмуртская Республика,2013,4.015312,22.970398
Удмуртская Республика,2014,2.6648762,22.545715
Удмуртская Республика,2015,3.6315613,27.68878
Удмуртская Республика,2016,4.0006485,21.273407
Удмуртская Республика,2017,3.0929463,24.723406
Удмуртская Республика,2018,2.6616185,21.186317
Удмуртская Республика,2019,3.4436924,26.366266
Удмуртская Республика,2020,4.7115273,22.165867
Удмуртская Республика,2021,3.731041,18.671837
Удмуртская Республика,2022,3.7067387,20.584497
Удмуртская Республика,2023,4.612371,9.5328245
Ульяновская область,2006,4.4115653,22.52574
Ульяновская область,2007,5.417521,20.704859
Ульяновская область,2008,6.3535056,18.67517
Ульяновская область,2009,5.247767,14.324704
Ульяновская область,2010,5.8441544,15.728116
Ульяновская область,2011,4.0801873,23.815746
Ульяновская область,2012,5.2314353,21.15228
Ульяновская область,2013,5.9036584,23.424706
Ульяновская область,2014,5.1062827,17.180813
Ульяновская область,2015,6.04953,18.409431
Ульяновская область,2016,5.851397,21.087017
Ульяновская область,2017,5.1421,22.372469
Ульяновская область,2018,4.8574195,14.494839
Ульяновская область,2019,6.091316,16.291866
Ульяновская область,2020,6.434672,17.7746
Ульяновская область,2021,5.8161645,16.050089
Ульяновская область,2022,5.94795,18.225079
Ульяновская область,2023,6.3307953,8.494389
Хабаровский край,2006,-1.9059817,21.245365
Хабаровский край,2007,-0.17541759,21.914087
Хабаровский край,2008,-0.01107661,19.1419
Хабаровский край,2009,-1.1672745,27.779715
Хабаровский край,2010,-1.1861191,27.359463
Хабаровский край,2011,-0.5855026,23.127916
Хабаровский край,2012,-1.0184008,20.868383
Хабаровский край,2013,-1.4036344,26.585129
Хабаровский край,2014,-1.0480169,19.382957
Хабаровский край,2015,-0.4687004,27.48788
Хабаровский край,2016,-1.7552122,20.21202
Хабаровский край,2017,-0.6070862,23.230127
Хабаровский край,2018,-1.1412786,23.198183
Хабаровский край,2019,-0.98062134,24.244482
Хабаровский край,2020,-0.901591,21.094585
Хабаровский край,2021,-0.56095,25.934858
Хабаровский край,2022,-0.2686844,23.067057
Хабаровский край,2023,-0.48610052,9.307161
Челябинская область,2006,3.2460377,19.304184
Челябинская область,2007,4.060262,14.905271
Челябинская область,2008,4.855784,14.513799
Челябинская область,2009,3.6909637,13.958397
Челябинская область,2010,3.4802208,11.951141
Челябинская область,2011,2.5150833,17.570341
Челябинская область,2012,4.3079324,11.943885
Челябинская область,2013,4.3051887,18.565569
Челябинская область,2014,3.3085938,17.173733
Челябинская область,2015,4.0531106,16.011387
Челябинская область,2016,3.6193008,14.888432
Челябинская область,2017,3.91863,11.535826
Челябинская область,2018,2.6739895,12.986633
Челябинская область,2019,3.86866,15.075329
Челябинская область,2020,5.7929077,15.947903
Челябинская область,2021,4.2694526,10.959917
Челябинская область,2022,3.648796,11.29036
Челябинская область,2023,5.104233,9.047379
Чеченская Республика,2006,12.013127,19.668829
Чеченская Республика,2007,12.903687,16.071238
Чеченская Республика,2008,12.311839,17.62227
Чеченская Республика,2009,12.204799,24.171726
Чеченская Республика,2010,13.427162,17.990948
Чеченская Республика,2011,11.291287,19.491331
Чеченская Республика,2012,12.549957,18.247925
Чеченская Республика,2013,12.348808,21.302378
Чеченская Республика,2014,12.521484,18.481035
Чеченская Республика,2015,12.815155,17.416431
Чеченская Республика,2016,12.249835,22.27122
Чеченская Республика,2017,12.9157,15.596128
Чеченская Республика,2018,13.245929,17.162437
Чеченская Республика,2019,13.153491,15.69945
Чеченская Республика,2020,13.312114,14.70671
Чеченская Республика,2021,12.845299,15.687325
Чеченская Республика,2022,13.256055,12.483958
Чеченская Республика,2023,13.588771,7.6933265
Чувашская Республика,2006,4.199,23.380634
Чувашская Республика,2007,5.2943115,23.280495
Чувашская Республика,2008,6.241201,22.247948
Чувашская Республика,2009,5.2257943,14.679031
Чувашская Республика,2010,5.6250787,16.330853
Чувашская Республика,2011,4.0871863,25.555948
Чувашская Республика,2012,4.863108,24.250156
Чувашская Республика,2013,5.642428,25.647839
Чувашская Республика,2014,4.8885093,18.335838
Чувашская Республика,2015,5.835663,19.563622
Чувашская Республика,2016,5.63753,21.252539
Чувашская Республика,2017,4.811371,24.605955
Чувашская Республика,2018,4.479815,15.8213625
Чувашская Республика,2019,5.6188226,17.421762
Чувашская Республика,2020,6.1434937,20.316818
Чувашская Республика,2021,5.369062,18.280056
Чувашская Республика,2022,5.3429694,19.361238
Чувашская Республика,2023,6.1052094,8.436846
Ярославская область,2006,4.3384857,25.108297
Ярославская область,2007,5.438029,22.7364
Ярославская область,2008,5.9453025,23.92415
Ярославская область,2009,4.8813934,25.346012
Ярославская область,2010,4.6509576,25.208086
Ярославская область,2011,5.03787,21.350863
Ярославская область,2012,4.084137,27.71768
Ярославская область,2013,5.2916794,23.286259
Ярославская область,2014,5.6308594,17.465313
Ярославская область,2015,5.8073425,21.385319
Ярославская область,2016,5.2936172,24.824518
Ярославская область,2017,4.6816506,25.249271
Ярославская область,2018,4.944496,22.095728
Ярославская область,2019,5.9233475,26.857409
Ярославская область,2020,6.584574,24.85505
Ярославская область,2021,4.8475776,26.365858
Ярославская область,2022,5.272982,16.257406
Ярославская область,2023,5.4841156,13.658684
