region,year,area_total,level
A,2022,5.0,region
A,2023,5.0,region
Алтайский край,2007,3576.553,region
Алтайский край,2008,3781.666,region
Алтайский край,2009,3803.968,region
Алтайский край,2010,3393.564,region
Алтайский край,2011,3628.322,region
Алтайский край,2012,3538.062,region
Алтайский край,2013,3536.192,region
Алтайский край,2014,3717.01,region
Алтайский край,2015,3632.101,region
Алтайский край,2016,3646.225,region
Алтайский край,2017,3746.324000000001,region
Алтайский край,2018,3240.382,region
Алтайский край,2019,3169.043,region
Алтайский край,2020,3289.34,region
Алтайский край,2021,3234.649,region
Алтайский край,2022,3353.13131,region
Алтайский край,2023,3352.99945,region
Амурская область,2007,231.975,region
Амурская область,2008,258.398,region
Амурская область,2009,247.87,region
Амурская область,2010,204.448,region
Амурская область,2011,189.62,region
Амурская область,2012,223.388,region
Амурская область,2013,178.086,region
Амурская область,2014,194.908,region
Амурская область,2015,180.726,region
Амурская область,2016,219.427,region
Амурская область,2017,201.254,region
Амурская область,2018,204.19,region
Амурская область,2019,232.089,region
Амурская область,2020,220.139,region
Амурская область,2021,194.755,region
Амурская область,2022,180.08813,region
Амурская область,2023,198.00706,region
Архангельская область,2007,3.233,region
Архангельская область,2008,1.844,region
Архангельская область,2009,1.811,region
Архангельская область,2010,2.24,region
Архангельская область,2011,3.156,region
Архангельская область,2012,2.69,region
Архангельская область,2013,2.418,region
Архангельская область,2014,3.018,region
Архангельская область,2015,2.799,region
Архангельская область,2016,3.17,region
Архангельская область,2017,1.294,region
Архангельская область,2018,1.071,region
Архангельская область,2019,0.819,region
Архангельская область,2020,0.31,region
Архангельская область,2021,999999999.0,region
Архангельская область (без автономного округа),2018,1.071,region
Архангельская область (без автономного округа),2019,0.819,region
Архангельская область (без автономного округа),2020,0.31,region
Архангельская область (без автономного округа),2021,999999999.0,region
Архангельская область без автономного округа,2007,3.233,region
Архангельская область без автономного округа,2008,1.844,region
Архангельская область без автономного округа,2009,1.811,region
Архангельская область без автономного округа,2010,2.24,region
Архангельская область без автономного округа,2011,3.156,region
Архангельская область без автономного округа,2012,2.69,region
Архангельская область без автономного округа,2013,2.418,region
Архангельская область без автономного округа,2014,3.018,region
Архангельская область без автономного округа,2015,2.799,region
Архангельская область без автономного округа,2016,3.17,region
Архангельская область без автономного округа,2017,1.294,region
Астраханская область,2007,24.88,region
Астраханская область,2008,23.525,region
Астраханская область,2009,24.453,region
Астраханская область,2010,22.957,region
Астраханская область,2011,21.256,region
Астраханская область,2012,17.677,region
Астраханская область,2013,13.39,region
Астраханская область,2014,13.106,region
Астраханская область,2015,11.761,region
Астраханская область,2016,10.06,region
Астраханская область,2017,11.933,region
Астраханская область,2018,15.746,region
Астраханская область,2019,15.125,region
Астраханская область,2020,15.196,region
Астраханская область,2021,17.008,region
Астраханская область,2022,23.02355,region
Белгородская область,2007,757.866,region
Белгородская область,2008,839.856,region
Белгородская область,2009,821.0120000000001,region
Белгородская область,2010,613.766,region
Белгородская область,2011,722.1179999999999,region
Белгородская область,2012,747.79,region
Белгородская область,2013,819.579,region
Белгородская область,2014,794.097,region
Белгородская область,2015,790.796,region
Белгородская область,2016,739.6759999999999,region
Белгородская область,2017,750.562,region
Белгородская область,2018,738.521,region
Белгородская область,2019,714.153,region
Белгородская область,2020,737.943,region
Белгородская область,2021,681.265,region
Белгородская область,2022,730.98659,region
Белгородская область,2023,651.89505,region
Брянская область,2007,272.983,region
Брянская область,2008,290.022,region
Брянская область,2009,314.016,region
Брянская область,2010,316.704,region
Брянская область,2011,290.489,region
Брянская область,2012,314.662,region
Брянская область,2013,331.556,region
Брянская область,2014,320.127,region
Брянская область,2015,322.538,region
Брянская область,2016,384.8030000000001,region
Брянская область,2017,392.9059999999999,region
Брянская область,2018,374.424,region
Брянская область,2019,387.03,region
Брянская область,2020,406.802,region
Брянская область,2021,407.406,region
Брянская область,2022,378.0186,region
Брянская область,2023,369.2651,region
Владимирская область,2007,95.80100000000002,region
Владимирская область,2008,106.975,region
Владимирская область,2009,84.26,region
Владимирская область,2010,83.717,region
Владимирская область,2011,87.419,region
Владимирская область,2012,84.742,region
Владимирская область,2013,88.093,region
Владимирская область,2014,81.516,region
Владимирская область,2015,89.92599999999999,region
Владимирская область,2016,93.21100000000001,region
Владимирская область,2017,85.362,region
Владимирская область,2018,78.341,region
Владимирская область,2019,80.295,region
Владимирская область,2020,82.937,region
Владимирская область,2021,90.861,region
Владимирская область,2022,91.52249,region
Владимирская область,2023,90.00091,region
Волгоградская область,2007,2129.676,region
Волгоградская область,2008,2149.123,region
Волгоградская область,2009,2052.695,region
Волгоградская область,2010,1619.949,region
Волгоградская область,2011,1631.009,region
Волгоградская область,2012,1963.377,region
Волгоградская область,2013,1899.545,region
Волгоградская область,2014,1950.981,region
Волгоградская область,2015,1922.198,region
Волгоградская область,2016,1925.519,region
Волгоградская область,2017,2156.011,region
Волгоградская область,2018,2215.878,region
Волгоградская область,2019,2162.251,region
Волгоградская область,2020,2083.69,region
Волгоградская область,2021,1831.102,region
Волгоградская область,2022,2197.84003,region
Волгоградская область,2023,2135.50973,region
Вологодская область,2007,125.417,region
Вологодская область,2008,147.323,region
Вологодская область,2009,132.073,region
Вологодская область,2010,133.714,region
Вологодская область,2011,131.78,region
Вологодская область,2012,119.339,region
Вологодская область,2013,108.998,region
Вологодская область,2014,105.773,region
Вологодская область,2015,116.657,region
Вологодская область,2016,116.41,region
Вологодская область,2017,111.335,region
Вологодская область,2018,103.807,region
Вологодская область,2019,103.336,region
Вологодская область,2020,86.441,region
Вологодская область,2021,91.158,region
Вологодская область,2022,91.16334,region
Вологодская область,2023,90.01716,region
Воронежская область,2007,1204.565,region
Воронежская область,2008,1356.3,region
Воронежская область,2009,1389.449,region
Воронежская область,2010,1083.957,region
Воронежская область,2011,1310.443,region
Воронежская область,2012,1383.113,region
Воронежская область,2013,1455.376,region
Воронежская область,2014,1420.103,region
Воронежская область,2015,1448.048,region
Воронежская область,2016,1436.764,region
Воронежская область,2017,1486.684,region
Воронежская область,2018,1464.873,region
Воронежская область,2019,1508.162,region
Воронежская область,2020,1584.411,region
Воронежская область,2021,1401.451,region
Воронежская область,2022,1619.73901,region
Воронежская область,2023,1466.43305,region
ДАЛЬНЕВОСТОЧНЫЙ ФЕДЕРАЛЬНЫЙ ОКРУГ,2018,511.836,region
ДАЛЬНЕВОСТОЧНЫЙ ФЕДЕРАЛЬНЫЙ ОКРУГ,2019,543.187,region
ДАЛЬНЕВОСТОЧНЫЙ ФЕДЕРАЛЬНЫЙ ОКРУГ,2020,531.148,region
ДАЛЬНЕВОСТОЧНЫЙ ФЕДЕРАЛЬНЫЙ ОКРУГ,2021,516.983,region
Дальневосточный Федеральный округ,2007,385.502,federal_district
Дальневосточный Федеральный округ,2008,417.131,federal_district
Дальневосточный Федеральный округ,2009,417.531,federal_district
Дальневосточный Федеральный округ,2010,320.477,federal_district
Дальневосточный Федеральный округ,2011,333.751,federal_district
Дальневосточный Федеральный округ,2012,379.547,federal_district
Дальневосточный Федеральный округ,2013,313.79,federal_district
Дальневосточный Федеральный округ,2014,337.833,federal_district
Дальневосточный Федеральный округ,2015,308.203,federal_district
Дальневосточный Федеральный округ,2016,352.703,federal_district
Дальневосточный Федеральный округ,2017,329.452,federal_district
Дальневосточный федеральный округ,2022,519.21849,region
Дальневосточный федеральный округ,2023,538.20184,region
Еврейская Автономная область,2018,5.654,region
Еврейская Автономная область,2019,6.039,region
Еврейская Автономная область,2020,5.23,region
Еврейская Автономная область,2021,4.872,region
Еврейская автономная область,2007,23.033,region
Еврейская автономная область,2008,23.36500000000001,region
Еврейская автономная область,2009,23.915,region
Еврейская автономная область,2010,14.587,region
Еврейская автономная область,2011,18.134,region
Еврейская автономная область,2012,17.084,region
Еврейская автономная область,2013,9.315,region
Еврейская автономная область,2014,9.943,region
Еврейская автономная область,2015,7.114999999999999,region
Еврейская автономная область,2016,7.306,region
Еврейская автономная область,2017,7.056999999999999,region
Еврейская автономная область,2022,5.7003,region
Еврейская автономная область,2023,6.9409,region
Забайкальский край,2007,193.746,region
Забайкальский край,2008,178.414,region
Забайкальский край,2009,180.853,region
Забайкальский край,2010,152.38,region
Забайкальский край,2011,155.766,region
Забайкальский край,2012,143.236,region
Забайкальский край,2013,142.511,region
Забайкальский край,2014,144.053,region
Забайкальский край,2015,140.472,region
Забайкальский край,2016,132.59,region
Забайкальский край,2017,126.083,region
Забайкальский край,2018,122.783,region
Забайкальский край,2019,119.701,region
Забайкальский край,2020,112.022,region
Забайкальский край,2021,115.299,region
Забайкальский край,2022,122.79699,region
Забайкальский край,2023,117.1791,region
Ивановская область,2007,66.568,region
Ивановская область,2008,72.692,region
Ивановская область,2009,68.367,region
Ивановская область,2010,67.542,region
Ивановская область,2011,64.92699999999999,region
Ивановская область,2012,63.465,region
Ивановская область,2013,64.616,region
Ивановская область,2014,62.16199999999999,region
Ивановская область,2015,64.133,region
Ивановская область,2016,66.07300000000001,region
Ивановская область,2017,64.341,region
Ивановская область,2018,62.028,region
Ивановская область,2019,60.633,region
Ивановская область,2020,62.212,region
Ивановская область,2021,63.908,region
Ивановская область,2022,68.4221,region
Ивановская область,2023,67.50999,region
Иркутская область,2007,409.372,region
Иркутская область,2008,421.136,region
Иркутская область,2009,410.812,region
Иркутская область,2010,357.925,region
Иркутская область,2011,377.462,region
Иркутская область,2012,391.173,region
Иркутская область,2013,398.528,region
Иркутская область,2014,406.637,region
Иркутская область,2015,409.359,region
Иркутская область,2016,405.5719999999999,region
Иркутская область,2017,427.09,region
Иркутская область,2018,437.382,region
Иркутская область,2019,432.134,region
Иркутская область,2020,417.816,region
Иркутская область,2021,410.351,region
Иркутская область,2022,405.9151,region
Иркутская область,2023,392.4481,region
Кабардино-Балкарская Республика,2007,180.88,region
Кабардино-Балкарская Республика,2008,196.122,region
Кабардино-Балкарская Республика,2009,191.041,region
Кабардино-Балкарская Республика,2010,175.358,region
Кабардино-Балкарская Республика,2011,182.404,region
Кабардино-Балкарская Республика,2012,194.586,region
Кабардино-Балкарская Республика,2013,207.736,region
Кабардино-Балкарская Республика,2014,207.161,region
Кабардино-Балкарская Республика,2015,207.817,region
Кабардино-Балкарская Республика,2016,207.673,region
Кабардино-Балкарская Республика,2017,210.677,region
Кабардино-Балкарская Республика,2018,209.11,region
Кабардино-Балкарская Республика,2019,212.093,region
Кабардино-Балкарская Республика,2020,218.021,region
Кабардино-Балкарская Республика,2021,222.787,region
Кабардино-Балкарская Республика,2022,215.62731,region
Кабардино-Балкарская Республика,2023,230.7104,region
Калининградская область,2007,72.532,region
Калининградская область,2008,65.935,region
Калининградская область,2009,72.94900000000001,region
Калининградская область,2010,63.97,region
Калининградская область,2011,63.53799999999999,region
Калининградская область,2012,73.41,region
Калининградская область,2013,89.921,region
Калининградская область,2014,112.663,region
Калининградская область,2015,132.614,region
Калининградская область,2016,133.803,region
Калининградская область,2017,125.451,region
Калининградская область,2018,104.249,region
Калининградская область,2019,131.408,region
Калининградская область,2020,137.284,region
Калининградская область,2021,149.167,region
Калининградская область,2022,135.98444,region
Калининградская область,2023,129.22139,region
Калужская область,2007,77.41,region
Калужская область,2008,97.766,region
Калужская область,2009,93.349,region
Калужская область,2010,75.40499999999999,region
Калужская область,2011,79.367,region
Калужская область,2012,79.746,region
Калужская область,2013,70.078,region
Калужская область,2014,68.84200000000001,region
Калужская область,2015,83.977,region
Калужская область,2016,82.44099999999999,region
Калужская область,2017,91.752,region
Калужская область,2018,77.092,region
Калужская область,2019,84.033,region
Калужская область,2020,99.319,region
Калужская область,2021,89.558,region
Калужская область,2022,93.80355,region
Калужская область,2023,83.24171,region
Камчатский край,2007,0.34,region
Камчатский край,2008,0.334,region
Камчатский край,2009,0.221,region
Камчатский край,2010,0.26,region
Камчатский край,2011,0.174,region
Камчатский край,2012,0.054,region
Камчатский край,2013,0.064,region
Камчатский край,2014,0.136,region
Камчатский край,2015,0.123,region
Камчатский край,2016,0.115,region
Камчатский край,2017,0.142,region
Камчатский край,2018,0.049,region
Камчатский край,2019,0.053,region
Камчатский край,2020,0.015,region
Камчатский край,2021,0.015,region
Камчатский край,2022,0.135,region
Камчатский край,2023,0.5233,region
Карачаево-Черкесская Республика,2007,66.806,region
Карачаево-Черкесская Республика,2008,65.477,region
Карачаево-Черкесская Республика,2009,78.44699999999999,region
Карачаево-Черкесская Республика,2010,58.953,region
Карачаево-Черкесская Республика,2011,76.123,region
Карачаево-Черкесская Республика,2012,75.203,region
Карачаево-Черкесская Республика,2013,81.57600000000001,region
Карачаево-Черкесская Республика,2014,84.60600000000001,region
Карачаево-Черкесская Республика,2015,93.73799999999999,region
Карачаево-Черкесская Республика,2016,101.92,region
Карачаево-Черкесская Республика,2017,96.341,region
Карачаево-Черкесская Республика,2018,106.845,region
Карачаево-Черкесская Республика,2019,100.397,region
Карачаево-Черкесская Республика,2020,104.202,region
Карачаево-Черкесская Республика,2021,90.567,region
Карачаево-Черкесская Республика,2022,81.39785,region
Карачаево-Черкесская Республика,2023,95.71887,region
Кемеровская область,2007,744.6279999999999,region
Кемеровская область,2008,755.141,region
Кемеровская область,2009,749.8349999999999,region
Кемеровская область,2010,679.6249999999999,region
Кемеровская область,2011,672.4359999999999,region
Кемеровская область,2012,653.188,region
Кемеровская область,2013,621.485,region
Кемеровская область,2014,588.891,region
Кемеровская область,2015,599.361,region
Кемеровская область,2016,598.081,region
Кемеровская область,2017,598.569,region
Кемеровская область,2018,536.124,region
Кемеровская область,2019,551.701,region
Кемеровская область,2020,575.971,region
Кемеровская область,2021,609.684,region
Кемеровская область - Кузбасс,2022,625.70082,region
Кемеровская область - Кузбасс,2023,635.26973,region
Кировская область,2007,398.455,region
Кировская область,2008,396.189,region
Кировская область,2009,367.708,region
Кировская область,2010,327.442,region
Кировская область,2011,349.283,region
Кировская область,2012,324.277,region
Кировская область,2013,320.758,region
Кировская область,2014,319.844,region
Кировская область,2015,312.043,region
Кировская область,2016,313.731,region
Кировская область,2017,310.047,region
Кировская область,2018,298.863,region
Кировская область,2019,291.834,region
Кировская область,2020,306.943,region
Кировская область,2021,315.303,region
Кировская область,2022,317.58093,region
Кировская область,2023,315.26108,region
Костромская область,2007,72.816,region
Костромская область,2008,74.92399999999999,region
Костромская область,2009,63.417,region
Костромская область,2010,51.874,region
Костромская область,2011,47.93000000000001,region
Костромская область,2012,45.15,region
Костромская область,2013,42.87500000000001,region
Костромская область,2014,41.073,region
Костромская область,2015,38.928,region
Костромская область,2016,39.286,region
Костромская область,2017,36.039,region
Костромская область,2018,31.523,region
Костромская область,2019,31.464,region
Костромская область,2020,28.309,region
Костромская область,2021,28.987,region
Костромская область,2022,26.9164,region
Костромская область,2023,25.5816,region
Краснодарский край,2007,2114.962,region
Краснодарский край,2008,2239.813,region
Краснодарский край,2009,2192.98,region
Краснодарский край,2010,2152.927,region
Краснодарский край,2011,2173.546,region
Краснодарский край,2012,2161.273,region
Краснодарский край,2013,2384.3,region
Краснодарский край,2014,2404.654,region
Краснодарский край,2015,2444.265,region
Краснодарский край,2016,2470.278,region
Краснодарский край,2017,2455.912,region
Краснодарский край,2018,2424.697,region
Краснодарский край,2019,2464.312,region
Краснодарский край,2020,2532.408,region
Краснодарский край,2021,2587.705,region
Краснодарский край,2022,2440.07944,region
Краснодарский край,2023,2518.27761,region
Красноярский край,2007,921.197,region
Красноярский край,2008,970.7640000000001,region
Красноярский край,2009,1015.491,region
Красноярский край,2010,978.234,region
Красноярский край,2011,999.228,region
Красноярский край,2012,1003.544,region
Красноярский край,2013,1035.856,region
Красноярский край,2014,1042.36,region
Красноярский край,2015,1045.923,region
Красноярский край,2016,1056.135,region
Красноярский край,2017,1048.303,region
Красноярский край,2018,951.228,region
Красноярский край,2019,914.522,region
Красноярский край,2020,932.996,region
Красноярский край,2021,930.28,region
Красноярский край,2022,955.24056,region
Красноярский край,2023,938.05358,region
Курганская область,2007,1026.896,region
Курганская область,2008,1091.016,region
Курганская область,2009,1186.786,region
Курганская область,2010,1109.918,region
Курганская область,2011,1136.007,region
Курганская область,2012,1145.16,region
Курганская область,2013,1146.669,region
Курганская область,2014,1134.638,region
Курганская область,2015,1070.608,region
Курганская область,2016,1100.424,region
Курганская область,2017,1107.936,region
Курганская область,2018,1041.601,region
Курганская область,2019,1061.086,region
Курганская область,2020,1091.769,region
Курганская область,2021,1042.779,region
Курганская область,2022,994.397,region
Курганская область,2023,1064.60227,region
Курская область,2007,840.227,region
Курская область,2008,979.434,region
Курская область,2009,1002.114,region
Курская область,2010,895.241,region
Курская область,2011,960.313,region
Курская область,2012,950.9279999999999,region
Курская область,2013,1009.3,region
Курская область,2014,982.3839999999999,region
Курская область,2015,1066.015,region
Курская область,2016,1056.874,region
Курская область,2017,1023.434,region
Курская область,2018,969.128,region
Курская область,2019,967.613,region
Курская область,2020,1041.14,region
Курская область,2021,1002.638,region
Курская область,2022,992.35588,region
Курская область,2023,958.555,region
Ленинградская область,2007,29.053,region
Ленинградская область,2008,34.003,region
Ленинградская область,2009,36.462,region
Ленинградская область,2010,31.556,region
Ленинградская область,2011,37.131,region
Ленинградская область,2012,34.871,region
Ленинградская область,2013,35.343,region
Ленинградская область,2014,38.565,region
Ленинградская область,2015,41.821,region
Ленинградская область,2016,46.741,region
Ленинградская область,2017,41.787,region
Ленинградская область,2018,38.453,region
Ленинградская область,2019,39.388,region
Ленинградская область,2020,41.433,region
Ленинградская область,2021,42.617,region
Ленинградская область,2022,45.53666,region
Ленинградская область,2023,44.43431,region
Липецкая область,2007,722.0310000000001,region
Липецкая область,2008,797.595,region
Липецкая область,2009,809.267,region
Липецкая область,2010,760.074,region
Липецкая область,2011,790.974,region
Липецкая область,2012,756.571,region
Липецкая область,2013,781.631,region
Липецкая область,2014,762.188,region
Липецкая область,2015,806.906,region
Липецкая область,2016,820.7429999999999,region
Липецкая область,2017,781.641,region
Липецкая область,2018,754.141,region
Липецкая область,2019,796.567,region
Липецкая область,2020,839.475,region
Липецкая область,2021,821.155,region
Липецкая область,2022,834.62463,region
Липецкая область,2023,794.66834,region
Московская область,2007,85.793,region
Московская область,2008,94.809,region
Московская область,2009,84.27600000000001,region
Московская область,2010,85.41000000000001,region
Московская область,2011,94.405,region
Московская область,2012,94.574,region
Московская область,2013,98.419,region
Московская область,2014,103.288,region
Московская область,2015,133.618,region
Московская область,2016,144.76,region
Московская область,2017,148.186,region
Московская область,2018,137.077,region
Московская область,2019,147.939,region
Московская область,2020,165.096,region
Московская область,2021,163.583,region
Московская область,2022,174.20902,region
Московская область,2023,189.04945,region
Нижегородская область,2007,581.836,region
Нижегородская область,2008,597.282,region
Нижегородская область,2009,592.441,region
Нижегородская область,2010,562.407,region
Нижегородская область,2011,612.13,region
Нижегородская область,2012,535.273,region
Нижегородская область,2013,544.16,region
Нижегородская область,2014,528.6020000000001,region
Нижегородская область,2015,561.668,region
Нижегородская область,2016,583.485,region
Нижегородская область,2017,559.359,region
Нижегородская область,2018,545.164,region
Нижегородская область,2019,550.974,region
Нижегородская область,2020,578.584,region
Нижегородская область,2021,594.435,region
Нижегородская область,2022,633.9253,region
Нижегородская область,2023,646.11461,region
Новгородская область,2007,6.702999999999999,region
Новгородская область,2008,9.268999999999998,region
Новгородская область,2009,11.298,region
Новгородская область,2010,11.691,region
Новгородская область,2011,13.038,region
Новгородская область,2012,12.518,region
Новгородская область,2013,12.794,region
Новгородская область,2014,14.536,region
Новгородская область,2015,16.662,region
Новгородская область,2016,21.184,region
Новгородская область,2017,12.475,region
Новгородская область,2018,9.907,region
Новгородская область,2019,15.249,region
Новгородская область,2020,12.064,region
Новгородская область,2021,13.375,region
Новгородская область,2022,9.092,region
Новгородская область,2023,12.0815,region
Новосибирская область,2007,1591.172,region
Новосибирская область,2008,1656.645,region
Новосибирская область,2009,1713.713,region
Новосибирская область,2010,1561.302,region
Новосибирская область,2011,1658.002,region
Новосибирская область,2012,1626.944,region
Новосибирская область,2013,1563.687,region
Новосибирская область,2014,1548.203,region
Новосибирская область,2015,1517.978,region
Новосибирская область,2016,1556.134,region
Новосибирская область,2017,1605.389,region
Новосибирская область,2018,1403.339,region
Новосибирская область,2019,1416.042,region
Новосибирская область,2020,1482.759,region
Новосибирская область,2021,1505.046,region
Новосибирская область,2022,1535.09818,region
Новосибирская область,2023,1569.3734,region
Омская область,2007,2027.401,region
Омская область,2008,2036.781,region
Омская область,2009,2121.187,region
Омская область,2010,1893.513,region
Омская область,2011,1955.186,region
Омская область,2012,2031.29,region
Омская область,2013,2103.999,region
Омская область,2014,2147.108,region
Омская область,2015,2145.983,region
Омская область,2016,2170.989,region
Омская область,2017,2141.162,region
Омская область,2018,1950.782,region
Омская область,2019,1945.069,region
Омская область,2020,2028.404,region
Омская область,2021,1997.703,region
Омская область,2022,2009.64906,region
Омская область,2023,2127.723,region
Оренбургская область,2007,2746.664,region
Оренбургская область,2008,2936.543,region
Оренбургская область,2009,3040.911000000001,region
Оренбургская область,2010,2808.034,region
Оренбургская область,2011,2628.131,region
Оренбургская область,2012,2790.373,region
Оренбургская область,2013,2888.495,region
Оренбургская область,2014,2966.776,region
Оренбургская область,2015,2742.43,region
Оренбургская область,2016,2721.076,region
Оренбургская область,2017,2692.059,region
Оренбургская область,2018,2706.042,region
Оренбургская область,2019,2629.084,region
Оренбургская область,2020,2754.376,region
Оренбургская область,2021,2592.485,region
Оренбургская область,2022,2385.0761,region
Оренбургская область,2023,2639.73643,region
Орловская область,2007,629.221,region
Орловская область,2008,746.478,region
Орловская область,2009,795.535,region
Орловская область,2010,780.952,region
Орловская область,2011,763.5100000000001,region
Орловская область,2012,773.063,region
Орловская область,2013,804.038,region
Орловская область,2014,789.497,region
Орловская область,2015,892.572,region
Орловская область,2016,941.082,region
Орловская область,2017,885.9780000000001,region
Орловская область,2018,879.562,region
Орловская область,2019,894.591,region
Орловская область,2020,948.954,region
Орловская область,2021,896.642,region
Орловская область,2022,845.95481,region
Орловская область,2023,840.26799,region
ПРИВОЛЖСКИЙ ФЕДЕРАЛЬНЫЙ ОКРУГ,2018,13039.012,region
ПРИВОЛЖСКИЙ ФЕДЕРАЛЬНЫЙ ОКРУГ,2019,12871.536,region
ПРИВОЛЖСКИЙ ФЕДЕРАЛЬНЫЙ ОКРУГ,2020,13390.691,region
ПРИВОЛЖСКИЙ ФЕДЕРАЛЬНЫЙ ОКРУГ,2021,13172.374,region
Пензенская область,2007,727.8340000000001,region
Пензенская область,2008,788.4889999999999,region
Пензенская область,2009,771.0390000000001,region
Пензенская область,2010,639.9509999999999,region
Пензенская область,2011,570.562,region
Пензенская область,2012,596.838,region
Пензенская область,2013,622.148,region
Пензенская область,2014,549.3729999999999,region
Пензенская область,2015,698.22,region
Пензенская область,2016,714.47,region
Пензенская область,2017,721.382,region
Пензенская область,2018,717.557,region
Пензенская область,2019,800.352,region
Пензенская область,2020,850.495,region
Пензенская область,2021,853.573,region
Пензенская область,2022,857.39388,region
Пензенская область,2023,842.56195,region
Пермский край,2007,350.898,region
Пермский край,2008,344.153,region
Пермский край,2009,305.973,region
Пермский край,2010,285.36,region
Пермский край,2011,282.138,region
Пермский край,2012,254.269,region
Пермский край,2013,268.308,region
Пермский край,2014,244.013,region
Пермский край,2015,248.47,region
Пермский край,2016,247.486,region
Пермский край,2017,250.4,region
Пермский край,2018,236.869,region
Пермский край,2019,230.991,region
Пермский край,2020,231.118,region
Пермский край,2021,238.899,region
Пермский край,2022,230.9426,region
Пермский край,2023,217.61294,region
Приволжский Федеральный округ,2007,13297.551,federal_district
Приволжский Федеральный округ,2008,14006.574,federal_district
Приволжский Федеральный округ,2009,14292.981,federal_district
Приволжский Федеральный округ,2010,12949.045,federal_district
Приволжский Федеральный округ,2011,12163.073,federal_district
Приволжский Федеральный округ,2012,12706.861,federal_district
Приволжский Федеральный округ,2013,13162.781,federal_district
Приволжский Федеральный округ,2014,12922.034,federal_district
Приволжский Федеральный округ,2015,12927.235,federal_district
Приволжский Федеральный округ,2016,13011.808,federal_district
Приволжский Федеральный округ,2017,13096.357,federal_district
Приволжский федеральный округ,2022,13016.55531,region
Приволжский федеральный округ,2023,13305.29272,region
Приморский край,2007,103.618,region
Приморский край,2008,109.447,region
Приморский край,2009,116.412,region
Приморский край,2010,79.83500000000001,region
Приморский край,2011,102.876,region
Приморский край,2012,118.045,region
Приморский край,2013,106.026,region
Приморский край,2014,112.526,region
Приморский край,2015,100.86,region
Приморский край,2016,105.666,region
Приморский край,2017,101.119,region
Приморский край,2018,98.215,region
Приморский край,2019,103.453,region
Приморский край,2020,113.264,region
Приморский край,2021,116.345,region
Приморский край,2022,122.85727,region
Приморский край,2023,126.37943,region
Псковская область,2007,19.956,region
Псковская область,2008,24.1,region
Псковская область,2009,23.272,region
Псковская область,2010,17.666,region
Псковская область,2011,21.017,region
Псковская область,2012,24.742,region
Псковская область,2013,27.243,region
Псковская область,2014,39.005,region
Псковская область,2015,43.31,region
Псковская область,2016,45.732,region
Псковская область,2017,44.654,region
Псковская область,2018,28.205,region
Псковская область,2019,38.794,region
Псковская область,2020,42.775,region
Псковская область,2021,49.616,region
Псковская область,2022,50.4077,region
Псковская область,2023,43.06143,region
РОССИЙСКАЯ ФЕДЕРАЦИЯ,2018,46339.364,region
РОССИЙСКАЯ ФЕДЕРАЦИЯ,2019,46660.411,region
РОССИЙСКАЯ ФЕДЕРАЦИЯ,2020,47899.847,region
РОССИЙСКАЯ ФЕДЕРАЦИЯ,2021,47007.359,region
Республика Адыгея,2007,102.714,region
Республика Адыгея,2008,118.625,region
Республика Адыгея,2009,122.504,region
Республика Адыгея,2010,114.212,region
Республика Адыгея,2011,110.212,region
Республика Адыгея,2012,109.927,region
Республика Адыгея,2013,130.379,region
Республика Адыгея,2014,134.634,region
Республика Адыгея,2015,143.403,region
Республика Адыгея,2016,151.462,region
Республика Адыгея,2017,143.301,region
Республика Адыгея,2018,147.245,region
Республика Адыгея,2019,145.858,region
Республика Адыгея,2020,143.6,region
Республика Адыгея,2021,141.543,region
Республика Адыгея (Адыгея),2022,123.96231,region
Республика Адыгея (Адыгея),2023,130.22268,region
Республика Алтай,2007,16.08,region
Республика Алтай,2008,14.966,region
Республика Алтай,2009,12.327,region
Республика Алтай,2010,9.19,region
Республика Алтай,2011,8.543,region
Республика Алтай,2012,8.591000000000001,region
Республика Алтай,2013,7.618,region
Республика Алтай,2014,6.872,region
Республика Алтай,2015,6.473000000000001,region
Республика Алтай,2016,6.483000000000001,region
Республика Алтай,2017,6.52,region
Республика Алтай,2018,6.31,region
Республика Алтай,2019,6.593,region
Республика Алтай,2020,7.469,region
Республика Алтай,2021,6.654,region
Республика Алтай,2022,7.39325,region
Республика Алтай,2023,6.32126,region
Республика Башкортостан,2007,1651.696,region
Республика Башкортостан,2008,1719.818,region
Республика Башкортостан,2009,1892.619,region
Республика Башкортостан,2010,1760.711,region
Республика Башкортостан,2011,1589.887,region
Республика Башкортостан,2012,1695.366,region
Республика Башкортостан,2013,1740.509,region
Республика Башкортостан,2014,1750.871,region
Республика Башкортостан,2015,1757.084,region
Республика Башкортостан,2016,1810.701,region
Республика Башкортостан,2017,1785.706,region
Республика Башкортостан,2018,1749.958,region
Республика Башкортостан,2019,1670.489,region
Республика Башкортостан,2020,1782.49,region
Республика Башкортостан,2021,1716.729,region
Республика Башкортостан,2022,1759.272,region
Республика Башкортостан,2023,1749.2921,region
Республика Бурятия,2007,107.665,region
Республика Бурятия,2008,86.141,region
Республика Бурятия,2009,102.922,region
Республика Бурятия,2010,107.017,region
Республика Бурятия,2011,108.263,region
Республика Бурятия,2012,100.91,region
Республика Бурятия,2013,92.689,region
Республика Бурятия,2014,89.373,region
Республика Бурятия,2015,85.69800000000001,region
Республика Бурятия,2016,75.681,region
Республика Бурятия,2017,71.69999999999999,region
Республика Бурятия,2018,61.316,region
Республика Бурятия,2019,62.246,region
Республика Бурятия,2020,61.351,region
Республика Бурятия,2021,66.058,region
Республика Бурятия,2022,67.77884,region
Республика Бурятия,2023,69.32281,region
Республика Дагестан,2007,97.00399999999999,region
Республика Дагестан,2008,115.736,region
Республика Дагестан,2009,106.367,region
Республика Дагестан,2010,104.614,region
Республика Дагестан,2011,111.89,region
Республика Дагестан,2012,85.762,region
Республика Дагестан,2013,118.926,region
Республика Дагестан,2014,130.519,region
Республика Дагестан,2015,134.166,region
Республика Дагестан,2016,140.639,region
Республика Дагестан,2017,148.676,region
Республика Дагестан,2018,143.159,region
Республика Дагестан,2019,149.685,region
Республика Дагестан,2020,157.533,region
Республика Дагестан,2021,165.188,region
Республика Дагестан,2022,167.5966,region
Республика Дагестан,2023,168.6418,region
Республика Ингушетия,2007,33.47,region
Республика Ингушетия,2008,37.921,region
Республика Ингушетия,2009,39.367,region
Республика Ингушетия,2010,39.084,region
Республика Ингушетия,2011,45.69,region
Республика Ингушетия,2012,38.689,region
Республика Ингушетия,2013,44.143,region
Республика Ингушетия,2014,46.822,region
Республика Ингушетия,2015,47.97199999999999,region
Республика Ингушетия,2016,44.946,region
Республика Ингушетия,2017,44.017,region
Республика Ингушетия,2018,43.541,region
Республика Ингушетия,2019,49.08,region
Республика Ингушетия,2020,52.968,region
Республика Ингушетия,2021,48.39,region
Республика Ингушетия,2022,40.0791,region
Республика Ингушетия,2023,48.9636,region
Республика Калмыкия,2007,242.778,region
Республика Калмыкия,2008,225.536,region
Республика Калмыкия,2009,277.839,region
Республика Калмыкия,2010,218.17,region
Республика Калмыкия,2011,198.051,region
Республика Калмыкия,2012,182.844,region
Республика Калмыкия,2013,221.045,region
Республика Калмыкия,2014,193.886,region
Республика Калмыкия,2015,217.551,region
Республика Калмыкия,2016,206.654,region
Республика Калмыкия,2017,242.274,region
Республика Калмыкия,2018,248.814,region
Республика Калмыкия,2019,285.558,region
Республика Калмыкия,2020,276.759,region
Республика Калмыкия,2021,267.641,region
Республика Калмыкия,2022,290.59282,region
Республика Калмыкия,2023,297.35067,region
Республика Карелия,2007,0.633,region
Республика Карелия,2008,0.263,region
Республика Карелия,2009,0.162,region
Республика Карелия,2010,0.149,region
Республика Карелия,2011,0.101,region
Республика Карелия,2012,0.064,region
Республика Карелия,2013,0.058,region
Республика Карелия,2014,0.05400000000000001,region
Республика Карелия,2015,0.003,region
Республика Карелия,2016,0.0,region
Республика Карелия,2017,0.002,region
Республика Карелия,2018,999999999.0,region
Республика Карелия,2023,0.008,region
Республика Коми,2007,0.518,region
Республика Коми,2008,0.537,region
Республика Коми,2009,0.023,region
Республика Коми,2010,0.019,region
Республика Коми,2011,0.018,region
Республика Коми,2012,0.012,region
Республика Коми,2013,0.014,region
Республика Коми,2014,0.01,region
Республика Коми,2015,0.022,region
Республика Коми,2016,0.008,region
Республика Коми,2017,0.008,region
Республика Коми,2018,999999999.0,region
Республика Коми,2019,999999999.0,region
Республика Коми,2020,999999999.0,region
Республика Коми,2021,999999999.0,region
Республика Крым,2007,0.0,region
Республика Крым,2008,0.0,region
Республика Крым,2009,0.0,region
Республика Крым,2010,0.0,region
Республика Крым,2011,0.0,region
Республика Крым,2012,0.0,region
Республика Крым,2013,0.0,region
Республика Крым,2014,448.897,region
Республика Крым,2015,468.333,region
Республика Крым,2016,447.1270000000001,region
Республика Крым,2017,481.6250000000001,region
Республика Крым,2018,529.432,region
Республика Крым,2019,559.75,region
Республика Крым,2020,571.901,region
Республика Крым,2021,576.403,region
Республика Крым,2022,533.89652,region
Республика Крым,2023,585.56302,region
Республика Марий Эл,2007,171.09,region
Республика Марий Эл,2008,176.426,region
Республика Марий Эл,2009,158.78,region
Республика Марий Эл,2010,140.891,region
Республика Марий Эл,2011,156.197,region
Республика Марий Эл,2012,145.102,region
Республика Марий Эл,2013,144.784,region
Республика Марий Эл,2014,143.685,region
Республика Марий Эл,2015,134.71,region
Республика Марий Эл,2016,135.474,region
Республика Марий Эл,2017,139.927,region
Республика Марий Эл,2018,122.499,region
Республика Марий Эл,2019,122.058,region
Республика Марий Эл,2020,134.803,region
Республика Марий Эл,2021,142.802,region
Республика Марий Эл,2022,149.862,region
Республика Марий Эл,2023,148.053,region
Республика Мордовия,2007,417.06,region
Республика Мордовия,2008,426.7550000000001,region
Республика Мордовия,2009,442.804,region
Республика Мордовия,2010,430.567,region
Республика Мордовия,2011,444.522,region
Республика Мордовия,2012,426.346,region
Республика Мордовия,2013,446.642,region
Республика Мордовия,2014,432.49,region
Республика Мордовия,2015,447.517,region
Республика Мордовия,2016,442.918,region
Республика Мордовия,2017,448.425,region
Республика Мордовия,2018,436.585,region
Республика Мордовия,2019,444.151,region
Республика Мордовия,2020,478.069,region
Республика Мордовия,2021,490.34,region
Республика Мордовия,2022,473.14076,region
Республика Мордовия,2023,481.2206,region
Республика Саха (Якутия),2007,13.03,region
Республика Саха (Якутия),2008,11.957,region
Республика Саха (Якутия),2009,14.341,region
Республика Саха (Якутия),2010,15.318,region
Республика Саха (Якутия),2011,14.667,region
Республика Саха (Якутия),2012,12.171,region
Республика Саха (Якутия),2013,11.768,region
Республика Саха (Якутия),2014,10.869,region
Республика Саха (Якутия),2015,10.738,region
Республика Саха (Якутия),2016,11.078,region
Республика Саха (Якутия),2017,11.34,region
Республика Саха (Якутия),2018,9.573,region
Республика Саха (Якутия),2019,10.399,region
Республика Саха (Якутия),2020,9.117,region
Республика Саха (Якутия),2021,10.69,region
Республика Саха (Якутия),2022,10.78034,region
Республика Саха (Якутия),2023,11.41608,region
Республика Северная Осетия-Алания,2007,100.334,region
Республика Северная Осетия-Алания,2008,121.859,region
Республика Северная Осетия-Алания,2009,119.824,region
Республика Северная Осетия-Алания,2010,107.568,region
Республика Северная Осетия-Алания,2011,120.209,region
Республика Северная Осетия-Алания,2012,121.45,region
Республика Северная Осетия-Алания,2013,129.984,region
Республика Северная Осетия-Алания,2014,126.72,region
Республика Северная Осетия-Алания,2015,132.643,region
Республика Северная Осетия-Алания,2016,127.914,region
Республика Северная Осетия-Алания,2017,133.1,region
Республика Северная Осетия-Алания,2018,138.023,region
Республика Северная Осетия-Алания,2019,138.903,region
Республика Северная Осетия-Алания,2020,136.805,region
Республика Северная Осетия-Алания,2021,142.998,region
Республика Северная Осетия-Алания,2022,128.29521,region
Республика Северная Осетия-Алания,2023,138.96441,region
Республика Татарстан,2007,1640.058,region
Республика Татарстан,2008,1702.909,region
Республика Татарстан,2009,1656.404,region
Республика Татарстан,2010,1512.352,region
Республика Татарстан,2011,1652.908,region
Республика Татарстан,2012,1554.874,region
Республика Татарстан,2013,1613.438,region
Республика Татарстан,2014,1572.269,region
Республика Татарстан,2015,1595.121,region
Республика Татарстан,2016,1591.703,region
Республика Татарстан,2017,1533.971,region
Республика Татарстан,2018,1483.999,region
Республика Татарстан,2019,1461.709,region
Республика Татарстан,2020,1552.49,region
Республика Татарстан,2021,1592.548,region
Республика Татарстан (Татарстан),2022,1496.35706,region
Республика Татарстан (Татарстан),2023,1478.81434,region
Республика Тыва,2007,15.149,region
Республика Тыва,2008,15.327,region
Республика Тыва,2009,16.448,region
Республика Тыва,2010,20.817,region
Республика Тыва,2011,22.068,region
Республика Тыва,2012,27.536,region
Республика Тыва,2013,35.416,region
Республика Тыва,2014,12.415,region
Республика Тыва,2015,6.638,region
Республика Тыва,2016,8.512,region
Республика Тыва,2017,7.105,region
Республика Тыва,2018,14.592,region
Республика Тыва,2019,15.588,region
Республика Тыва,2020,14.37,region
Республика Тыва,2021,17.754,region
Республика Тыва,2022,19.2855,region
Республика Тыва,2023,14.4026,region
Республика Хакасия,2007,86.88,region
Республика Хакасия,2008,85.329,region
Республика Хакасия,2009,89.58500000000001,region
Республика Хакасия,2010,90.88399999999999,region
Республика Хакасия,2011,108.012,region
Республика Хакасия,2012,114.79,region
Республика Хакасия,2013,105.234,region
Республика Хакасия,2014,107.339,region
Республика Хакасия,2015,92.69200000000001,region
Республика Хакасия,2016,89.575,region
Республика Хакасия,2017,99.707,region
Республика Хакасия,2018,82.577,region
Республика Хакасия,2019,72.768,region
Республика Хакасия,2020,78.092,region
Республика Хакасия,2021,82.043,region
Республика Хакасия,2022,89.0273,region
Республика Хакасия,2023,100.6414,region
Российская Федерация,2007,44266.229,country
Российская Федерация,2008,46745.282,country
Российская Федерация,2009,47555.136,country
Российская Федерация,2010,43203.03800000001,country
Российская Федерация,2011,43583.552,country
Российская Федерация,2012,44455.054,country
Российская Федерация,2013,45847.512,country
Российская Федерация,2014,46157.107,country
Российская Федерация,2015,46608.749,country
Российская Федерация,2016,47099.802,country
Российская Федерация,2017,47705.369,country
Российская Федерация,2022,47504.22738,country
Российская Федерация,2023,47893.78868,country
Ростовская область,2007,2789.571,region
Ростовская область,2008,2868.107,region
Ростовская область,2009,2930.763,region
Ростовская область,2010,2831.278,region
Ростовская область,2011,2960.146,region
Ростовская область,2012,3017.615,region
Ростовская область,2013,3193.771,region
Ростовская область,2014,3224.993,region
Ростовская область,2015,3319.818,region
Ростовская область,2016,3297.155,region
Ростовская область,2017,3380.168,region
Ростовская область,2018,3499.459,region
Ростовская область,2019,3582.966,region
Ростовская область,2020,3639.472,region
Ростовская область,2021,3598.065,region
Ростовская область,2022,3673.38998,region
Ростовская область,2023,3655.1521,region
Рязанская область,2007,458.222,region
Рязанская область,2008,504.408,region
Рязанская область,2009,523.899,region
Рязанская область,2010,501.352,region
Рязанская область,2011,515.086,region
Рязанская область,2012,513.325,region
Рязанская область,2013,528.954,region
Рязанская область,2014,476.445,region
Рязанская область,2015,545.357,region
Рязанская область,2016,575.726,region
Рязанская область,2017,596.608,region
Рязанская область,2018,576.59,region
Рязанская область,2019,630.5,region
Рязанская область,2020,681.309,region
Рязанская область,2021,702.76,region
Рязанская область,2022,725.04327,region
Рязанская область,2023,724.61184,region
СЕВЕРО-ЗАПАДНЫЙ ФЕДЕРАЛЬНЫЙ ОКРУГ,2018,285.699,region
СЕВЕРО-ЗАПАДНЫЙ ФЕДЕРАЛЬНЫЙ ОКРУГ,2019,329.0,region
СЕВЕРО-ЗАПАДНЫЙ ФЕДЕРАЛЬНЫЙ ОКРУГ,2020,320.312,region
СЕВЕРО-ЗАПАДНЫЙ ФЕДЕРАЛЬНЫЙ ОКРУГ,2021,346.416,region
СЕВЕРО-КАВКАЗСКИЙ ФЕДЕРАЛЬНЫЙ ОКРУГ,2018,3282.262,region
СЕВЕРО-КАВКАЗСКИЙ ФЕДЕРАЛЬНЫЙ ОКРУГ,2019,3353.017,region
СЕВЕРО-КАВКАЗСКИЙ ФЕДЕРАЛЬНЫЙ ОКРУГ,2020,3187.18,region
СЕВЕРО-КАВКАЗСКИЙ ФЕДЕРАЛЬНЫЙ ОКРУГ,2021,3367.868,region
СИБИРСКИЙ ФЕДЕРАЛЬНЫЙ ОКРУГ,2018,8785.127,region
СИБИРСКИЙ ФЕДЕРАЛЬНЫЙ ОКРУГ,2019,8685.301,region
СИБИРСКИЙ ФЕДЕРАЛЬНЫЙ ОКРУГ,2020,8992.644,region
СИБИРСКИЙ ФЕДЕРАЛЬНЫЙ ОКРУГ,2021,8961.384,region
Самарская область,2007,1163.472,region
Самарская область,2008,1183.279,region
Самарская область,2009,1175.019,region
Самарская область,2010,990.2719999999999,region
Самарская область,2011,818.026,region
Самарская область,2012,930.033,region
Самарская область,2013,1042.013,region
Самарская область,2014,1103.679,region
Самарская область,2015,1101.729,region
Самарская область,2016,1129.937,region
Самарская область,2017,1113.214,region
Самарская область,2018,1120.833,region
Самарская область,2019,1098.996,region
Самарская область,2020,1144.798,region
Самарская область,2021,1150.718,region
Самарская область,2022,1167.93439,region
Самарская область,2023,1168.24803,region
Саратовская область,2007,2379.777,region
Саратовская область,2008,2491.786,region
Саратовская область,2009,2561.708,region
Саратовская область,2010,2224.809,region
Саратовская область,2011,1837.931,region
Саратовская область,2012,2304.816,region
Саратовская область,2013,2266.077,region
Саратовская область,2014,2137.135,region
Саратовская область,2015,2095.059,region
Саратовская область,2016,2110.913,region
Саратовская область,2017,2313.273,region
Саратовская область,2018,2390.026,region
Саратовская область,2019,2332.074,region
Саратовская область,2020,2312.498,region
Саратовская область,2021,2193.779,region
Саратовская область,2022,2252.12249,region
Саратовская область,2023,2349.7358,region
Свердловская область,2007,431.225,region
Свердловская область,2008,431.248,region
Свердловская область,2009,397.182,region
Свердловская область,2010,350.344,region
Свердловская область,2011,363.893,region
Свердловская область,2012,341.304,region
Свердловская область,2013,349.771,region
Свердловская область,2014,347.157,region
Свердловская область,2015,342.457,region
Свердловская область,2016,338.717,region
Свердловская область,2017,337.343,region
Свердловская область,2018,317.579,region
Свердловская область,2019,317.5,region
Свердловская область,2020,322.727,region
Свердловская область,2021,314.765,region
Свердловская область,2022,333.53056,region
Свердловская область,2023,313.1049,region
Северо-Западный Федеральный округ,2007,258.045,federal_district
Северо-Западный Федеральный округ,2008,283.274,federal_district
Северо-Западный Федеральный округ,2009,278.049,federal_district
Северо-Западный Федеральный округ,2010,261.006,federal_district
Северо-Западный Федеральный округ,2011,269.778,federal_district
Северо-Западный Федеральный округ,2012,267.6439999999999,federal_district
Северо-Западный Федеральный округ,2013,276.787,federal_district
Северо-Западный Федеральный округ,2014,313.626,federal_district
Северо-Западный Федеральный округ,2015,353.886,federal_district
Северо-Западный Федеральный округ,2016,367.048,federal_district
Северо-Западный Федеральный округ,2017,337.005,federal_district
Северо-Западный федеральный округ,2022,332.80689,region
Северо-Западный федеральный округ,2023,319.12556,region
Северо-Кавказский федеральный округ,2007,2742.816,region
Северо-Кавказский федеральный округ,2008,2910.581,region
Северо-Кавказский федеральный округ,2009,2929.109,region
Северо-Кавказский федеральный округ,2010,2732.926,region
Северо-Кавказский федеральный округ,2011,2789.081,region
Северо-Кавказский федеральный округ,2012,2755.32,region
Северо-Кавказский федеральный округ,2013,2985.943,region
Северо-Кавказский федеральный округ,2014,3032.314,region
Северо-Кавказский федеральный округ,2015,3094.517,region
Северо-Кавказский федеральный округ,2016,3201.963,region
Северо-Кавказский федеральный округ,2017,3218.863,region
Северо-Кавказский федеральный округ,2022,3239.65923,region
Северо-Кавказский федеральный округ,2023,3310.94172,region
Сибирский Федеральный округ,2007,9934.859,federal_district
Сибирский Федеральный округ,2008,10249.773,federal_district
Сибирский Федеральный округ,2009,10473.717,federal_district
Сибирский Федеральный округ,2010,9484.867,federal_district
Сибирский Федеральный округ,2011,9943.602,federal_district
Сибирский Федеральный округ,2012,9892.153,federal_district
Сибирский Федеральный округ,2013,9863.062999999998,federal_district
Сибирский Федеральный округ,2014,10024.032,federal_district
Сибирский Федеральный округ,2015,9880.309,federal_district
Сибирский Федеральный округ,2016,9936.423,federal_district
Сибирский Федеральный округ,2017,10064.451,federal_district
Сибирский федеральный округ,2022,9175.60282,region
Сибирский федеральный округ,2023,9303.3313,region
Смоленская область,2007,78.719,region
Смоленская область,2008,97.239,region
Смоленская область,2009,101.208,region
Смоленская область,2010,87.279,region
Смоленская область,2011,111.689,region
Смоленская область,2012,125.139,region
Смоленская область,2013,117.202,region
Смоленская область,2014,108.959,region
Смоленская область,2015,107.987,region
Смоленская область,2016,117.134,region
Смоленская область,2017,115.922,region
Смоленская область,2018,120.166,region
Смоленская область,2019,124.733,region
Смоленская область,2020,140.328,region
Смоленская область,2021,143.326,region
Смоленская область,2022,146.6056,region
Смоленская область,2023,160.9118,region
Ставропольский край,2007,2168.546,region
Ставропольский край,2008,2255.193,region
Ставропольский край,2009,2267.922,region
Ставропольский край,2010,2146.41,region
Ставропольский край,2011,2151.507,region
Ставропольский край,2012,2141.338,region
Ставропольский край,2013,2293.048,region
Ставропольский край,2014,2299.526,region
Ставропольский край,2015,2362.027,region
Ставропольский край,2016,2431.258,region
Ставропольский край,2017,2419.832,region
Ставропольский край,2018,2469.795,region
Ставропольский край,2019,2523.699,region
Ставропольский край,2020,2321.027,region
Ставропольский край,2021,2486.179,region
Ставропольский край,2022,2423.24016,region
Ставропольский край,2023,2434.59034,region
Тамбовская область,2007,860.551,region
Тамбовская область,2008,943.852,region
Тамбовская область,2009,965.69,region
Тамбовская область,2010,817.8380000000001,region
Тамбовская область,2011,878.1519999999999,region
Тамбовская область,2012,892.7559999999999,region
Тамбовская область,2013,993.2310000000001,region
Тамбовская область,2014,993.3019999999999,region
Тамбовская область,2015,1094.069,region
Тамбовская область,2016,1034.927,region
Тамбовская область,2017,1077.981,region
Тамбовская область,2018,1009.316,region
Тамбовская область,2019,1079.228,region
Тамбовская область,2020,1113.693,region
Тамбовская область,2021,1023.565,region
Тамбовская область,2022,1112.4466,region
Тамбовская область,2023,1085.544,region
Тверская область,2007,98.595,region
Тверская область,2008,97.309,region
Тверская область,2009,87.38000000000001,region
Тверская область,2010,73.976,region
Тверская область,2011,67.95299999999999,region
Тверская область,2012,66.56700000000001,region
Тверская область,2013,66.364,region
Тверская область,2014,66.55799999999999,region
Тверская область,2015,70.59200000000001,region
Тверская область,2016,75.90100000000001,region
Тверская область,2017,70.36099999999999,region
Тверская область,2018,65.728,region
Тверская область,2019,68.813,region
Тверская область,2020,69.962,region
Тверская область,2021,67.183,region
Тверская область,2022,65.4065,region
Тверская область,2023,71.8398,region
Томская область,2007,245.016,region
Томская область,2008,247.462,region
Томская область,2009,256.576,region
Томская область,2010,240.418,region
Томская область,2011,250.314,region
Томская область,2012,252.888,region
Томская область,2013,219.851,region
Томская область,2014,213.772,region
Томская область,2015,197.629,region
Томская область,2016,190.45,region
Томская область,2017,186.5,region
Томская область,2018,162.41,region
Томская область,2019,161.841,region
Томская область,2020,165.426,region
Томская область,2021,167.22,region
Томская область,2022,175.16174,region
Томская область,2023,166.09878,region
Тульская область,2007,423.338,region
Тульская область,2008,482.371,region
Тульская область,2009,524.124,region
Тульская область,2010,513.1999999999999,region
Тульская область,2011,497.828,region
Тульская область,2012,464.698,region
Тульская область,2013,478.735,region
Тульская область,2014,474.651,region
Тульская область,2015,527.691,region
Тульская область,2016,570.548,region
Тульская область,2017,590.755,region
Тульская область,2018,546.394,region
Тульская область,2019,588.842,region
Тульская область,2020,637.558,region
Тульская область,2021,620.405,region
Тульская область,2022,611.61331,region
Тульская область,2023,606.39708,region
Тюменская область,2007,612.557,region
Тюменская область,2008,689.245,region
Тюменская область,2009,720.2969999999999,region
Тюменская область,2010,708.0160000000001,region
Тюменская область,2011,717.0060000000001,region
Тюменская область,2012,700.206,region
Тюменская область,2013,694.575,region
Тюменская область,2014,698.462,region
Тюменская область,2015,693.075,region
Тюменская область,2016,696.206,region
Тюменская область,2017,686.788,region
Тюменская область,2018,672.178,region
Тюменская область,2019,662.811,region
Тюменская область,2020,683.774,region
Тюменская область,2021,692.665,region
Тюменская область,2022,712.35745,region
Тюменская область,2023,729.14642,region
Тюменская область (без автономных округов),2018,671.877,region
Тюменская область (без автономных округов),2019,662.81,region
Тюменская область (без автономных округов),2020,683.774,region
Тюменская область (без автономных округов),2021,692.665,region
Тюменская область (кроме Ханты-Мансийского автономного округа-Югры и Ямало-Ненецкого автономного округа),2022,712.35745,region
Тюменская область (кроме Ханты-Мансийского автономного округа-Югры и Ямало-Ненецкого автономного округа),2023,729.14642,region
Тюменская область без автономных округов,2007,612.557,region
Тюменская область без автономных округов,2008,689.245,region
Тюменская область без автономных округов,2009,720.2969999999999,region
Тюменская область без автономных округов,2010,708.0160000000001,region
Тюменская область без автономных округов,2011,717.0060000000001,region
Тюменская область без автономных округов,2012,700.206,region
Тюменская область без автономных округов,2013,694.445,region
Тюменская область без автономных округов,2014,698.326,region
Тюменская область без автономных округов,2015,693.075,region
Тюменская область без автономных округов,2016,696.1990000000001,region
Тюменская область без автономных округов,2017,686.7869999999999,region
УРАЛЬСКИЙ ФЕДЕРАЛЬНЫЙ ОКРУГ,2018,3423.374,region
УРАЛЬСКИЙ ФЕДЕРАЛЬНЫЙ ОКРУГ,2019,3451.539,region
УРАЛЬСКИЙ ФЕДЕРАЛЬНЫЙ ОКРУГ,2020,3531.619,region
УРАЛЬСКИЙ ФЕДЕРАЛЬНЫЙ ОКРУГ,2021,3378.827,region
Удмуртская Республика,2007,417.242,region
Удмуртская Республика,2008,427.146,region
Удмуртская Республика,2009,406.446,region
Удмуртская Республика,2010,415.719,region
Удмуртская Республика,2011,375.208,region
Удмуртская Республика,2012,352.521,region
Удмуртская Республика,2013,425.968,region
Удмуртская Республика,2014,358.132,region
Удмуртская Республика,2015,369.0820000000001,region
Удмуртская Республика,2016,362.193,region
Удмуртская Республика,2017,353.902,region
Удмуртская Республика,2018,345.954,region
Удмуртская Республика,2019,328.313,region
Удмуртская Республика,2020,320.451,region
Удмуртская Республика,2021,333.838,region
Удмуртская Республика,2022,350.40059,region
Удмуртская Республика,2023,321.9406,region
Ульяновская область,2007,450.726,region
Ульяновская область,2008,576.527,region
Ульяновская область,2009,670.17,region
Ульяновская область,2010,595.654,region
Ульяновская область,2011,590.1400000000001,region
Ульяновская область,2012,566.932,region
Ульяновская область,2013,580.875,region
Ульяновская область,2014,548.175,region
Ульяновская область,2015,579.212,region
Ульяновская область,2016,557.1,region
Ульяновская область,2017,586.946,region
Ульяновская область,2018,606.574,region
Ульяновская область,2019,641.814,region
Ульяновская область,2020,650.261,region
Ульяновская область,2021,655.66,region
Ульяновская область,2022,631.819,region
Ульяновская область,2023,649.03827,region
Уральский Федеральный округ,2007,3444.815,federal_district
Уральский Федеральный округ,2008,3609.344,federal_district
Уральский Федеральный округ,2009,3779.602,federal_district
Уральский Федеральный округ,2010,3639.172,federal_district
Уральский Федеральный округ,2011,3657.957,federal_district
Уральский Федеральный округ,2012,3596.108,federal_district
Уральский Федеральный округ,2013,3604.178,federal_district
Уральский Федеральный округ,2014,3561.415,federal_district
Уральский Федеральный округ,2015,3383.994,federal_district
Уральский Федеральный округ,2016,3488.704,federal_district
Уральский Федеральный округ,2017,3538.171,federal_district
Уральский федеральный округ,2022,3375.80998,region
Уральский федеральный округ,2023,3541.31388,region
Хабаровский край,2007,13.508,region
Хабаровский край,2008,13.63,region
Хабаровский край,2009,14.772,region
Хабаровский край,2010,6.028,region
Хабаровский край,2011,8.279,region
Хабаровский край,2012,8.804,region
Хабаровский край,2013,8.530999999999999,region
Хабаровский край,2014,9.450999999999999,region
Хабаровский край,2015,8.640999999999998,region
Хабаровский край,2016,9.112,region
Хабаровский край,2017,8.541,region
Хабаровский край,2018,10.057,region
Хабаровский край,2019,9.209,region
Хабаровский край,2020,10.011,region
Хабаровский край,2021,8.948,region
Хабаровский край,2022,9.08162,region
Хабаровский край,2023,8.43316,region
Ханты-Мансийский автономный округ,2007,0.0,region
Ханты-Мансийский автономный округ,2008,0.0,region
Ханты-Мансийский автономный округ,2009,0.0,region
Ханты-Мансийский автономный округ,2010,0.0,region
Ханты-Мансийский автономный округ,2011,0.0,region
Ханты-Мансийский автономный округ,2012,0.0,region
Ханты-Мансийский автономный округ,2013,0.13,region
Ханты-Мансийский автономный округ,2014,0.136,region
Ханты-Мансийский автономный округ,2015,0.0,region
Ханты-Мансийский автономный округ,2016,0.007,region
Ханты-Мансийский автономный округ,2017,0.0,region
ЦЕНТРАЛЬНЫЙ ФЕДЕРАЛЬНЫЙ ОКРУГ,2018,7930.21,region
ЦЕНТРАЛЬНЫЙ ФЕДЕРАЛЬНЫЙ ОКРУГ,2019,8210.541,region
ЦЕНТРАЛЬНЫЙ ФЕДЕРАЛЬНЫЙ ОКРУГ,2020,8682.855,region
ЦЕНТРАЛЬНЫЙ ФЕДЕРАЛЬНЫЙ ОКРУГ,2021,8243.423,region
Центральный Федеральный округ,2007,6798.062,federal_district
Центральный Федеральный округ,2008,7643.876999999999,federal_district
Центральный Федеральный округ,2009,7782.913,federal_district
Центральный Федеральный округ,2010,6856.051999999999,federal_district
Центральный Федеральный округ,2011,7332.090000000001,federal_district
Центральный Федеральный округ,2012,7404.709,federal_district
Центральный Федеральный округ,2013,7798.536,federal_district
Центральный Федеральный округ,2014,7594.275,federal_district
Центральный Федеральный округ,2015,8132.699000000001,federal_district
Центральный Федеральный округ,2016,8232.329,federal_district
Центральный Федеральный округ,2017,8249.192,federal_district
Центральный федеральный округ,2022,8561.33691,region
Центральный федеральный округ,2023,8231.56377,region
Челябинская область,2007,1374.137,region
Челябинская область,2008,1397.834,region
Челябинская область,2009,1475.337,region
Челябинская область,2010,1470.893,region
Челябинская область,2011,1441.051,region
Челябинская область,2012,1409.438,region
Челябинская область,2013,1413.163,region
Челябинская область,2014,1381.157,region
Челябинская область,2015,1277.853,region
Челябинская область,2016,1353.358,region
Челябинская область,2017,1406.103,region
Челябинская область,2018,1392.016,region
Челябинская область,2019,1410.142,region
Челябинская область,2020,1433.349,region
Челябинская область,2021,1328.618,region
Челябинская область,2022,1335.52497,region
Челябинская область,2023,1434.46029,region
Чеченская Республика,2007,95.774,region
Чеченская Республика,2008,118.273,region
Чеченская Республика,2009,126.139,region
Чеченская Республика,2010,100.939,region
Чеченская Республика,2011,101.259,region
Чеченская Республика,2012,98.29299999999999,region
Чеченская Республика,2013,110.528,region
Чеченская Республика,2014,136.961,region
Чеченская Республика,2015,116.152,region
Чеченская Республика,2016,147.614,region
Чеченская Республика,2017,166.221,region
Чеченская Республика,2018,171.788,region
Чеченская Республика,2019,179.161,region
Чеченская Республика,2020,196.624,region
Чеченская Республика,2021,211.759,region
Чеченская Республика,2022,183.423,region
Чеченская Республика,2023,193.3523,region
Чувашская Республика,2007,200.748,region
Чувашская Республика,2008,239.275,region
Чувашская Республика,2009,250.961,region
Чувашская Республика,2010,254.877,region
Чувашская Республика,2011,256.008,region
Чувашская Республика,2012,229.843,region
Чувашская Республика,2013,258.608,region
Чувашская Республика,2014,266.99,region
Чувашская Республика,2015,284.892,region
Чувашская Республика,2016,290.623,region
Чувашская Республика,2017,287.748,region
Чувашская Республика,2018,278.089,region
Чувашская Республика,2019,268.697,region
Чувашская Республика,2020,293.314,region
Чувашская Республика,2021,301.265,region
Чувашская Республика - Чувашия,2022,310.72821,region
Чувашская Республика - Чувашия,2023,297.66297,region
ЮЖНЫЙ ФЕДЕРАЛЬНЫЙ ОКРУГ,2018,9081.844,region
ЮЖНЫЙ ФЕДЕРАЛЬНЫЙ ОКРУГ,2019,9216.289,region
ЮЖНЫЙ ФЕДЕРАЛЬНЫЙ ОКРУГ,2020,9263.399,region
ЮЖНЫЙ ФЕДЕРАЛЬНЫЙ ОКРУГ,2021,9020.084,region
Южный Федеральный округ,2007,7404.579,federal_district
Южный Федеральный округ,2008,7624.728,federal_district
Южный Федеральный округ,2009,7601.231,federal_district
Южный Федеральный округ,2010,6959.493,federal_district
Южный Федеральный округ,2011,7094.221,federal_district
Южный Федеральный округ,2012,7452.714,federal_district
Южный Федеральный округ,2013,7842.431,federal_district
Южный Федеральный округ,2014,8371.579,federal_district
Южный Федеральный округ,2015,8527.907,federal_district
Южный Федеральный округ,2016,8508.825,federal_district
Южный Федеральный округ,2017,8871.877,federal_district
Южный федеральный округ,2022,9283.23775,region
Южный федеральный округ,2023,9344.01789,region
Ямало-Ненецкий автономный округ,2007,0.0,region
Ямало-Ненецкий автономный округ,2008,0.0,region
Ямало-Ненецкий автономный округ,2009,0.0,region
Ямало-Ненецкий автономный округ,2010,0.0,region
Ямало-Ненецкий автономный округ,2011,0.0,region
Ямало-Ненецкий автономный округ,2012,0.0,region
Ямало-Ненецкий автономный округ,2013,0.0,region
Ямало-Ненецкий автономный округ,2014,0.0,region
Ямало-Ненецкий автономный округ,2015,0.0,region
Ямало-Ненецкий автономный округ,2016,0.0,region
Ямало-Ненецкий автономный округ,2017,0.002,region
Ярославская область,2007,53.358,region
Ярославская область,2008,61.85,region
Ярославская область,2009,55.551,region
Ярославская область,2010,47.763,region
Ярославская область,2011,49.489,region
Ярославская область,2012,46.56,region
Ярославская область,2013,45.7,region
Ярославская область,2014,47.038,region
Ярославская область,2015,46.193,region
Ярославская область,2016,49.058,region
Ярославская область,2017,48.259,region
Ярославская область,2018,44.687,region
Ярославская область,2019,45.886,region
Ярославская область,2020,43.394,region
Ярославская область,2021,38.661,region
Ярославская область,2022,43.52596,region
Ярославская область,2023,45.779,region
в т.ч. Ханты-Мансийский автономный округ - Югра,2018,0.301,region
г. Москва,2007,0.0,region
г. Москва,2008,0.0,region
г. Москва,2009,0.0,region
г. Москва,2010,0.0,region
г. Москва,2011,0.0,region
г. Москва,2012,1.86,region
г. Москва,2013,2.79,region
г. Москва,2014,2.046,region
г. Москва,2015,3.353,region
г. Москва,2016,3.324,region
г. Москва,2017,2.424,region
г. Москва,2018,0.62,region
г. Москва,2019,999999999.0,region
г. Москва,2020,999999999.0,region
г. Москва,2021,0.072,region
г. Москва,2022,0.14259,region
г. Москва,2023,0.01206,region
г. Севастополь,2007,0.0,region
г. Севастополь,2008,0.0,region
г. Севастополь,2009,0.0,region
г. Севастополь,2010,0.0,region
г. Севастополь,2011,0.0,region
г. Севастополь,2012,0.0,region
г. Севастополь,2013,0.0,region
г. Севастополь,2014,0.43,region
г. Севастополь,2015,0.578,region
г. Севастополь,2016,0.57,region
г. Севастополь,2017,0.651,region
г. Севастополь,2018,0.574,region
г. Севастополь,2019,0.47,region
г. Севастополь,2020,0.373,region
г. Севастополь,2021,0.617,region
г.Севастополь,2022,0.4531,region
